Turn,ActionType,IsOrderCompleted,RollType,ListDices,KickOffTeam,ConcernedTeam,PlayerId,TouchdownScorer,SubResultType,Requirement,Type,Value,ResultType,IndexChosen,PlayerId,SkillId,RollStatus,ConcernedTeam,ActiveTeam,Turnover,ActionDesc,RollDesc
[],46,1,69,"(4,5)",-1,,,,,,,,,,,,,,,,Unknown_46,Fame
[],46,1,69,"(4,6)",-1,1,,,,,,,,,,,,,,,Unknown_46,Fame
[],47,1,70,"(5,4)",-1,,,,,,,,,,,,,,,,Unknown_47,Weather
,7,,,"(4,2)",,,,,,,,,4,,,,,,,,Kickoff,
['1'],7,1,,,1,1,37,-1,,,,,,,,,,,,,Kickoff,
['1'],8,1,10,"(3,6)",1,1,37,-1,,,,,,,,,,,,,Scatter,Scatter
['1'],8,1,10,(7),1,1,37,-1,100,,,,,,,,,,,,Scatter,Scatter
['1'],42,1,,,1,,3,,,,,,,,,,,,,,ActivatePlayer,
['1'],1,,5,"(3,3,6,6)",1,,3,,,2,11,1,2,,,,,,,,Block,Block
['1'],1,1,5,"(3,6)",1,,3,,,2,11,1,,1,,,,,,,Block,Block
['1'],1,,13,,1,,3,,,,,,2,1,,,,,,,Block,Push
['1'],1,1,13,,1,,3,,,,,,,1,,,,,,,Block,Push
['1'],1,,14,,1,,3,,,,,,2,1,,,,,,,Block,FollowUp
['1'],1,1,14,,1,,3,,,,,,,1,,,,,,,Block,FollowUp
['1'],6,1,3,"(3,6)",1,,44,,,9,,,,1,,,,,,,Armor,Armor
['1'],6,1,4,"(3,3)",1,1,44,,2,,,,1,1,,,,,,,Armor,Injury
['1'],42,1,,,1,,7,,,,,,,,,,,,,,ActivatePlayer,
['1'],1,,5,"(0,3,0,6)",1,,7,,,2,11,1,2,,,,,,,,Block,Block
['1'],1,1,5,"(3,6)",1,,7,,,2,11,1,,1,,,,,,,Block,Block
['1'],1,,13,,1,,7,,,,,,2,1,,,,,,,Block,Push
['1'],1,1,13,,1,,7,,,,,,,2,,,,,,,Block,Push
['1'],1,,14,,1,,7,,,,,,2,2,,,,,,,Block,FollowUp
['1'],1,1,14,,1,,7,,,,,,,1,,,,,,,Block,FollowUp
['1'],6,1,3,"(4,2)",1,,40,,1,9,,,1,1,,,,,,,Armor,Armor
['1'],42,1,,,1,,6,,,,,,,,,,,,,,ActivatePlayer,
['1'],,1,,,1,,6,,,,,,,,,,,,,,,
['1'],,1,,,1,,6,,,,,,,,,,,,,,,
['1'],,1,,,1,,6,,,,,,,,,,,,,,,
['1'],2,,5,"(3,2,6,4)",1,,6,,,1,,,2,,,,,,,,Blitz,Block
['1'],2,1,5,"(3,6)",1,,6,,,1,,,,,,,,,,,Blitz,Block
['1'],2,,13,,1,,6,,,,,,2,,,,,,,,Blitz,Push
['1'],2,1,13,,1,,6,,,,,,,,,,,,,,Blitz,Push
['1'],1,,14,,1,,6,,,,,,2,,,,,,,,Block,FollowUp
['1'],1,1,14,,1,,6,,,,,,1,,,,,,,,Block,FollowUp
['1'],6,1,3,"(3,6)",1,,46,,,9,,,,,,,,,,,Armor,Armor
['1'],6,1,4,"(3,5)",1,1,46,,3,,,,,,,,,,,,Armor,Injury
['1'],,1,,,1,,6,,,,,,,,,,,,,,,
['1'],,1,,,1,,6,,,,,,,,,,,,,,,
['1'],42,1,,,1,,1,,,,,,,,,,,,,,ActivatePlayer,
['1'],15,1,20,(2),1,,1,,,2,,,,,1,31,,,,,ActivationTest,Bonehead
['1'],1,,5,"(0,3,2,0,6,4)",1,,1,,,4,,,2,,,,,,,,Block,Block
['1'],1,1,5,"(3,6)",1,,1,,,4,,,,1,,,,,,,Block,Block
['1'],1,,13,,1,,1,,,,,,2,1,,,,,,,Block,Push
['1'],1,1,13,,1,,1,,,,,,,,,,,,,,Block,Push
['1'],1,,14,,1,,1,,,,,,2,,,,,,,,Block,FollowUp
['1'],1,1,14,,1,,1,,,,,,,1,,,,,,,Block,FollowUp
['1'],6,1,3,"(1,1)",1,,43,,1,9,,,1,1,,,,,,,Armor,Armor
['1'],42,1,,,1,,5,,,,,,,,,,,,,,ActivatePlayer,
['1'],,1,,,1,,5,,,,,,,,,,,,,,,
['1'],,1,,,1,,5,,,,,,,,,,,,,,,
['1'],,1,,,1,,5,,,,,,,,,,,,,,,
['1'],,1,,,1,,5,,,,,,,,,,,,,,,
['1'],,1,,,1,,5,,,,,,,,,,,,,,,
['1'],42,1,,,1,,4,,,,,,,,,,,,,,ActivatePlayer,
['1'],,1,,,1,,4,,,,,,,,,,,,,,,
['1'],,1,,,1,,4,,,,,,,,,,,,,,,
['1'],,1,,,1,,4,,,,,,,,,,,,,,,
['1'],,1,,,1,,4,,,,,,,,,,,,,,,
['1'],42,1,,,1,,2,,,,,,,,,,,,,,ActivatePlayer,
['1'],,1,,,1,,2,,,,,,,,,,,,,,,
['1'],,1,,,1,,2,,,,,,,,,,,,,,,
['1'],,1,,,1,,2,,,,,,,,,,,,,,,
['1'],,1,,,1,,2,,,,,,,,,,,,,,,
['1'],,1,,,1,,2,,,,,,,,,,,,,,,
['1'],,1,,,1,,2,,,,,,,,,,,,,,,
['1'],42,1,,,1,,11,,,,,,,,,,,,,,ActivatePlayer,
['1'],,1,,,1,,11,,,,,,,,,,,,,,,
['1'],,1,,,1,,11,,,,,,,,,,,,,,,
['1'],,1,,,1,,11,,,,,,,,,,,,,,,
['1'],,1,,,1,,11,,,,,,,,,,,,,,,
['1'],42,1,,,1,,8,,,,,,,,,,,,,,ActivatePlayer,
['1'],,1,,,1,,8,,,,,,,,,,,,,,,
['1'],,1,,,1,,8,,,,,,,,,,,,,,,
['1'],,1,,,1,,8,,,,,,,,,,,,,,,
['1'],,1,,,1,,8,,,,,,,,,,,,,,,
['1'],,1,,,1,,8,,,,,,,,,,,,,,,
['1'],,1,,,1,,8,,,,,,,,,,,,,,,
['1'],,1,,,1,,8,,,,,,,,,,,,,,,
['1'],42,1,,,1,,9,,,,,,,,,,,,,,ActivatePlayer,
['1'],,1,,,1,,9,,,,,,,,,,,,,,,
['1'],,1,,,1,,9,,,,,,,,,,,,,,,
['1'],,1,,,1,,9,,,,,,,,,,,,,,,
['1'],,1,,,1,,9,,,,,,,,,,,,,,,
['1'],42,1,,,1,,10,,,,,,,,,,,,,,ActivatePlayer,
['1'],,1,,,1,,10,,,,,,,,,,,,,,,
['1'],,1,,,1,,10,,,,,,,,,,,,,,,
['1'],,1,,,1,,10,,,,,,,,,,,,,,,
['1'],,1,,,1,,10,,,,,,,,,,,,,,,
['1'],,1,,,1,,10,,,,,,,,,,,,,,,
['1'],,1,,,1,,10,,,,,,,,,,,,,,,
['1'],14,,7,(1),1,,10,,,4,5,1,1,,,,,,,,Pickup,Pickup
['1'],14,1,7,(1),1,,10,,,4,5,1,3,,10,61,3,,,,Pickup,Pickup
['1'],8,1,10,(5),1,,10,,,,,,,,,,,,,,Scatter,Scatter
"['1', '1']",42,1,,,1,1,37,,,,,,,,,,,1,1,,ActivatePlayer,
"['1', '1']",,1,,,1,1,37,,,,,,,,,,,1,1,,,
"['1', '1']",,1,,,1,1,37,,,,,,,,,,,1,1,,,
"['1', '1']",,1,,,1,1,37,,,,,,,,,,,1,1,,,
"['1', '1']",,1,,,1,1,37,,,,,,,,,,,1,1,,,
"['1', '1']",,1,,,1,1,37,,,,,,,,,,,1,1,,,
"['1', '1']",42,1,,,1,1,41,,,,,,,,,,,1,1,,ActivatePlayer,
"['1', '1']",,1,,,1,1,41,,,,,,,,,,,1,1,,,
"['1', '1']",,1,,,1,1,41,,,,,,,,,,,1,1,,,
"['1', '1']",,1,,,1,1,41,,,,,,,,,,,1,1,,,
"['1', '1']",,1,,,1,1,41,,,,,,,,,,,1,1,,,
"['1', '1']",42,1,,,1,1,38,,,,,,,,,,,,1,,ActivatePlayer,
"['1', '1']",,1,,,1,1,38,,,,,,,,,,,,1,,,
"['1', '1']",,1,,,1,1,38,,,,,,,,,,,,1,,,
"['1', '1']",,1,,,1,1,38,,,,,,,,,,,,1,,,
"['1', '1']",,1,,,1,1,38,,,,,,,,,,,,1,,,
"['1', '1']",,1,,,1,1,38,,,,,,,,,,,,1,,,
"['1', '1']",2,,5,"(2,3,4,6)",1,1,38,,,1,,,2,,,,,,1,,Blitz,Block
"['1', '1']",2,1,5,"(3,6)",1,,38,,,1,,,,1,,,,,1,,Blitz,Block
"['1', '1']",2,,13,,1,1,38,,,,,,2,1,,,,,1,,Blitz,Push
"['1', '1']",2,1,13,,1,1,38,,,,,,,1,,,,,1,,Blitz,Push
"['1', '1']",1,1,14,,1,1,38,,-1,,,,,1,38,36,,,1,,Block,FollowUp
"['1', '1']",6,1,3,"(5,6)",1,1,6,,,10,,,,1,,,,,1,,Armor,Armor
"['1', '1']",6,1,4,"(4,6)",1,,6,,4,,,,,1,,,,,1,,Armor,Injury
"['1', '1']",6,,8,"(22,1)",1,,6,,,,,,2,1,,,,,1,,Armor,CasualtyRoll
"['1', '1']",6,,8,"(22,47,0,8)",1,,6,,,,,,2,,,,1,,1,,Armor,CasualtyRoll
"['1', '1']",6,1,8,"(22,0)",1,,6,,,,,,,,,,1,1,1,,Armor,CasualtyRoll
"['1', '1']",,1,,,1,1,38,,,,,,,,,,,1,1,,,
"['1', '1']",42,1,,,1,1,40,,,,,,,,,,,1,1,,ActivatePlayer,
"['1', '1']",,1,,,1,1,40,,,,,,,,,,,1,1,,,
"['1', '1']",42,1,,,1,1,45,,,,,,,,,,,1,1,,ActivatePlayer,
"['1', '1']",,1,,,1,1,45,,,,,,,,,,,1,1,,,
"['1', '1']",,1,,,1,1,45,,,,,,,,,,,1,1,,,
"['1', '1']",,1,,,1,1,45,,,,,,,,,,,1,1,,,
"['1', '1']",,1,,,1,1,45,,,,,,,,,,,1,1,,,
"['1', '1']",,1,,,1,1,45,,,,,,,,,,,1,1,,,
"['1', '1']",,1,,,1,1,45,,,,,,,,,,,1,1,,,
"['1', '1']",42,1,,,1,1,39,,,,,,,,,,,1,1,,ActivatePlayer,
"['1', '1']",,1,,,1,1,39,,,,,,,,,,,1,1,,,
"['1', '1']",,1,,,1,1,39,,,,,,,,,,,1,1,,,
"['1', '1']",,1,,,1,1,39,,,,,,,,,,,1,1,,,
"['1', '1']",,1,,,1,1,39,,,,,,,,,,,1,1,,,
"['1', '1']",,1,,,1,1,39,,,,,,,,,,,1,1,,,
"['1', '1']",,1,,,1,1,39,,,,,,,,,,,1,1,,,
"['1', '1']",42,1,,,1,1,47,,,,,,,,,,,1,1,,ActivatePlayer,
"['1', '1']",,1,,,1,1,47,,,,,,,,,,,1,1,,,
"['1', '1']",,1,,,1,1,47,,,,,,,,,,,1,1,,,
"['1', '1']",,1,,,1,1,47,,,,,,,,,,,1,1,,,
"['1', '1']",,1,2,(4),1,1,47,,,3,2,1,,,,,,1,1,,,Dodge
"['1', '1']",,1,,,1,1,47,,,,,,,,,,,1,1,,,
"['1', '1']",,1,,,1,1,47,,,,,,,,,,,1,1,,,
"['1', '1']",,1,,,1,1,47,,,,,,,,,,,1,1,,,
"['1', '1']",,1,,,1,1,47,,,,,,,,,,,1,1,,,
"['1', '1']",42,1,,,1,1,43,,,,,,,,,,,,1,,ActivatePlayer,
"['1', '1']",,1,,,1,1,43,,,,,,,,,,,,1,,,
"['1', '1']",,,2,(1),1,1,43,,,3,,,2,,1,49,,,1,,,Dodge
"['1', '1']",,1,2,(1),1,1,43,,,3,,,3,,1,49,2,1,1,,,Dodge
"['1', '1']",6,1,3,"(3,5)",1,,43,,,9,,,1,,,,,1,1,,Armor,Armor
"['2', '1']",11,1,,,1,,44,-1,,,,,,,,,,,,1,StunWake,
"['2', '1']",42,1,,,1,,5,,,,,,,,,,,,,,ActivatePlayer,
"['2', '1']",1,,5,"(4,1,6,1)",1,,5,,,1,,,2,,,,,,,,Block,Block
"['2', '1']",1,1,5,"(4,6)",1,,5,,,1,,,,,,,,,,,Block,Block
"['2', '1']",1,,13,,1,,5,,,,,,2,,,,,,,,Block,Push
"['2', '1']",1,1,13,,1,,5,,,,,,,2,,,,,,,Block,Push
"['2', '1']",1,,14,,1,,5,,,,,,2,2,,,,,,,Block,FollowUp
"['2', '1']",1,1,14,,1,,5,,,,,,,1,,,,,,,Block,FollowUp
"['2', '1']",6,1,3,"(2,6)",1,,45,,1,9,,,1,1,,,,,,,Armor,Armor
"['2', '1']",42,1,,,1,,7,,,,,,,,,,,,,,ActivatePlayer,
"['2', '1']",1,,5,"(3,1,6,1)",1,,7,,,1,,,2,,,,,,,,Block,Block
"['2', '1']",1,1,5,"(3,6)",1,,7,,,1,,,,,,,,,,,Block,Block
"['2', '1']",1,,13,,1,,7,,,,,,2,,,,,,,,Block,Push
"['2', '1']",1,1,13,,1,,7,,,,,,,1,,,,,,,Block,Push
"['2', '1']",1,,14,,1,,7,,,,,,2,1,,,,,,,Block,FollowUp
"['2', '1']",1,1,14,,1,,7,,,,,,,1,,,,,,,Block,FollowUp
"['2', '1']",6,1,3,"(2,4)",1,,40,,1,9,,,1,1,,,,,,,Armor,Armor
"['2', '1']",42,1,,,1,,9,,,,,,,,,,,,,,ActivatePlayer,
"['2', '1']",,1,,,1,,9,,,,,,,,,,,,,,,
"['2', '1']",,1,,,1,,9,,,,,,,,,,,,,,,
"['2', '1']",,1,,,1,,9,,,,,,,,,,,,,,,
"['2', '1']",42,1,,,1,,1,,,,,,,,,,,,,,ActivatePlayer,
"['2', '1']",15,1,20,(5),1,,1,,,2,,,,,1,31,,,,,ActivationTest,Bonehead
"['2', '1']",1,,5,"(2,4,2,4,6,4)",1,,1,,,4,,,2,,,,,,,,Block,Block
"['2', '1']",1,1,5,"(4,6)",1,,1,,,4,,,,1,,,,,,,Block,Block
"['2', '1']",1,,13,,1,,1,,,,,,2,1,,,,,,,Block,Push
"['2', '1']",1,1,13,,1,,1,,,,,,,2,,,,,,,Block,Push
"['2', '1']",1,,14,,1,,1,,,,,,2,2,,,,,,,Block,FollowUp
"['2', '1']",1,1,14,,1,,1,,,,,,,1,,,,,,,Block,FollowUp
"['2', '1']",6,1,3,"(4,2)",1,,42,,1,9,,,1,1,,,,,,,Armor,Armor
"['2', '1']",42,1,,,1,,10,,,,,,,,,,,,,,ActivatePlayer,
"['2', '1']",,1,,,1,,10,,,,,,,,,,,,,,,
"['2', '1']",14,,7,(1),1,,10,,,4,5,1,1,,,,,,,,Pickup,Pickup
"['2', '1']",14,1,7,(1),1,,10,,,4,5,1,3,,10,61,3,,,,Pickup,Pickup
"['2', '1']",8,1,10,(4),1,,10,,,,,,,,,,,,,,Scatter,Scatter
"['2', '2']",42,1,,,1,1,41,,,,,,,,,,,1,1,,ActivatePlayer,
"['2', '2']",,1,,,1,1,41,,,,,,,,,,,1,1,,,
"['2', '2']",,1,,,1,1,41,,,,,,,,,,,1,1,,,
"['2', '2']",,1,,,1,1,41,,,,,,,,,,,1,1,,,
"['2', '2']",,1,,,1,1,41,,,,,,,,,,,1,1,,,
"['2', '2']",,1,,,1,1,41,,,,,,,,,,,1,1,,,
"['2', '2']",,1,,,1,1,41,,,,,,,,,,,1,1,,,
"['2', '2']",42,1,,,1,1,44,,,,,,,,,,,1,1,,ActivatePlayer,
"['2', '2']",,1,,,1,1,44,,,,,,,,,,,1,1,,,
"['2', '2']",42,1,,,1,1,38,,,,,,,,,,,,1,,ActivatePlayer,
"['2', '2']",,1,,,1,1,38,,,,,,,,,,,,1,,,
"['2', '2']",,1,,,1,1,38,,,,,,,,,,,,1,,,
"['2', '2']",,1,,,1,1,38,,,,,,,,,,,,1,,,
"['2', '2']",2,,5,"(1,2,5,4)",1,1,38,,,1,13,,2,,,,,,1,,Blitz,Block
"['2', '2']",2,1,5,"(1,5)",1,,38,,,1,13,,,,38,30,,1,1,,Blitz,Block
"['2', '2']",6,1,3,"(2,4)",1,1,11,,1,8,,,1,,,,,1,1,,Armor,Armor
"['2', '2']",,1,,,1,1,38,,,,,,,,,,,1,1,,,
"['2', '2']",,1,,,1,1,38,,,,,,,,,,,1,1,,,
"['2', '2']",42,1,,,1,1,45,,,,,,,,,,,1,1,,ActivatePlayer,
"['2', '2']",,1,,,1,1,45,,,,,,,,,,,1,1,,,
"['2', '2']",42,1,,,1,1,40,,,,,,,,,,,1,1,,ActivatePlayer,
"['2', '2']",,1,,,1,1,40,,,,,,,,,,,1,1,,,
"['2', '2']",42,1,,,1,1,43,,,,,,,,,,,1,1,,ActivatePlayer,
"['2', '2']",,1,,,1,1,43,,,,,,,,,,,1,1,,,
"['2', '2']",42,1,,,1,1,42,,,,,,,,,,,1,1,,ActivatePlayer,
"['2', '2']",,1,,,1,1,42,,,,,,,,,,,1,1,,,
"['2', '2']",42,1,,,1,1,39,,,,,,,,,,,1,1,,ActivatePlayer,
"['2', '2']",,1,,,1,1,39,,,,,,,,,,,1,1,,,
"['2', '2']",,1,,,1,1,39,,,,,,,,,,,1,1,,,
"['2', '2']",,1,,,1,1,39,,,,,,,,,,,1,1,,,
"['2', '2']",,1,,,1,1,39,,,,,,,,,,,1,1,,,
"['2', '2']",,1,,,1,1,39,,,,,,,,,,,1,1,,,
"['2', '2']",42,1,,,1,1,37,,,,,,,,,,,1,1,,ActivatePlayer,
"['2', '2']",,1,,,1,1,37,,,,,,,,,,,1,1,,,
"['2', '2']",,1,,,1,1,37,,,,,,,,,,,1,1,,,
"['2', '2']",,1,,,1,1,37,,,,,,,,,,,1,1,,,
"['2', '2']",,1,,,1,1,37,,,,,,,,,,,1,1,,,
"['2', '2']",,1,,,1,1,37,,,,,,,,,,,1,1,,,
"['2', '2']",,1,,,1,1,37,,,,,,,,,,,1,1,,,
"['2', '2']",,1,,,1,1,37,,,,,,,,,,,1,1,,,
"['2', '2']",42,1,,,1,1,47,,,,,,,,,,,1,1,,ActivatePlayer,
"['2', '2']",,1,,,1,1,47,,,,,,,,,,,1,1,,,
"['2', '2']",,1,,,1,1,47,,,,,,,,,,,1,1,,,
"['2', '2']",,1,,,1,1,47,,,,,,,,,,,1,1,,,
"['2', '2']",,1,,,1,1,47,,,,,,,,,,,1,1,,,
"['2', '2']",,1,,,1,1,47,,,,,,,,,,,1,1,,,
"['2', '2']",,1,,,1,1,47,,,,,,,,,,,1,1,,,
"['3', '2']",42,1,,,1,,4,,,,,,,,,,,,,,ActivatePlayer,
"['3', '2']",1,,5,"(2,4,4,6)",1,,4,,,2,,,2,,,,,,,,Block,Block
"['3', '2']",1,1,5,"(4,6)",1,,4,,,2,,,,1,,,,,,,Block,Block
"['3', '2']",1,,13,,1,,4,,,,,,2,1,,,,,,,Block,Push
"['3', '2']",1,1,13,,1,,4,,,,,,,1,,,,,,,Block,Push
"['3', '2']",1,,14,,1,,4,,,,,,2,1,,,,,,,Block,FollowUp
"['3', '2']",1,1,14,,1,,4,,,,,,,1,,,,,,,Block,FollowUp
"['3', '2']",6,1,3,"(3,6)",1,,44,,,9,,,,1,,,,,,,Armor,Armor
"['3', '2']",6,1,4,"(3,5)",1,1,44,,3,,,,,1,,,,,,,Armor,Injury
"['3', '2']",42,1,,,1,,9,,,,,,,,,,,,,,ActivatePlayer,
"['3', '2']",,1,,,1,,9,,,,,,,,,,,,,,,
"['3', '2']",42,1,,,1,,1,,,,,,,,,,,,,,ActivatePlayer,
"['3', '2']",15,1,20,(6),1,,1,,,2,,,,,1,31,,,,,ActivationTest,Bonehead
"['3', '2']",1,,5,"(0,2,2,0,4,4)",1,,1,,,4,,,2,,,,,,,,Block,Block
"['3', '2']",1,1,5,"(2,4)",1,,1,,,4,,,,1,,,,,,,Block,Block
"['3', '2']",1,,13,,1,,1,,,,,,2,1,,,,,,,Block,Push
"['3', '2']",1,1,13,,1,,1,,,,,,,1,,,,,,,Block,Push
"['3', '2']",1,,14,,1,,1,,,,,,2,1,,,,,,,Block,FollowUp
"['3', '2']",1,1,14,,1,,1,,,,,,,1,,,,,,,Block,FollowUp
"['3', '2']",42,1,,,1,,2,,,,,,,,,,,,,,ActivatePlayer,
"['3', '2']",,1,,,1,,2,,,,,,,,,,,,,,,
"['3', '2']",,1,,,1,,2,,,,,,,,,,,,,,,
"['3', '2']",2,,5,"(0,2,0,4)",1,,2,,,1,,,2,,,,,,,,Blitz,Block
"['3', '2']",2,1,5,"(2,4)",1,,2,,,1,,,,1,,,,,,,Blitz,Block
"['3', '2']",2,,13,,1,,2,,,,,,2,1,,,,,,,Blitz,Push
"['3', '2']",2,1,13,,1,,2,,,,,,,2,,,,,,,Blitz,Push
"['3', '2']",1,,14,,1,,2,,,,,,2,2,,,,,,,Block,FollowUp
"['3', '2']",1,1,14,,1,,2,,,,,,,1,,,,,,,Block,FollowUp
"['3', '2']",42,1,,,1,,5,,,,,,,,,,,,,,ActivatePlayer,
"['3', '2']",1,,5,"(1,1,1,1)",1,,5,,,1,,,2,,,,,,,,Block,Block
"['3', '2']",1,,5,"(0,3,0,6)",1,,5,,,1,,,2,,,,1,,,,Block,Block
"['3', '2']",1,1,5,"(3,6)",1,,5,,,1,,,,1,,,1,,,,Block,Block
"['3', '2']",1,,13,,1,,5,,,,,,2,1,,,,,,,Block,Push
"['3', '2']",1,1,13,,1,,5,,,,,,,,,,,,,,Block,Push
"['3', '2']",1,,14,,1,,5,,,,,,2,,,,,,,,Block,FollowUp
"['3', '2']",1,1,14,,1,,5,,,,,,,1,,,,,,,Block,FollowUp
"['3', '2']",6,1,3,"(1,2)",1,,45,,1,9,,,1,1,,,,,,,Armor,Armor
"['3', '2']",42,1,,,1,,8,,,,,,,,,,,,,,ActivatePlayer,
"['3', '2']",,1,2,(5),1,,8,,,4,2,1,,,8,59,,,,,,Dodge
"['3', '2']",,1,,,1,,8,,,,,,,,,,,,,,,
"['3', '2']",,1,,,1,,8,,,,,,,,,,,,,,,
"['3', '2']",,1,,,1,,8,,,,,,,,,,,,,,,
"['3', '2']",,1,,,1,,8,,,,,,,,,,,,,,,
"['3', '2']",,1,,,1,,8,,,,,,,,,,,,,,,
"['3', '2']",,1,,,1,,8,,,,,,,,,,,,,,,
"['3', '2']",,1,,,1,,8,,,,,,,,,,,,,,,
"['3', '2']",42,1,,,1,,3,,,,,,,,,,,,,,ActivatePlayer,
"['3', '2']",,1,,,1,,3,,,,,,,,,,,,,,,
"['3', '2']",42,1,,,1,,10,,,,,,,,,,,,,,ActivatePlayer,
"['3', '2']",,,2,(1),1,,10,,,4,2,1,1,,,,,,,,,Dodge
"['3', '2']",,1,2,(4),1,,10,,,4,2,1,,,,,3,,,,,Dodge
"['3', '2']",14,1,7,(5),1,,10,,,4,,,,,,,,,,,Pickup,Pickup
"['3', '2']",,1,2,(6),1,,10,,,4,2,1,,,10,59,,,,,,Dodge
"['3', '2']",,1,,,1,,10,,,,,,,,,,,,,,,
"['3', '2']",,1,,,1,,10,,,,,,,,,,,,,,,
"['3', '2']",,1,,,1,,10,,,,,,,,,,,,,,,
"['3', '2']",,1,,,1,,10,,,,,,,,,,,,,,,
"['3', '2']",,1,,,1,,10,,,,,,,,,,,,,,,
"['3', '2']",42,1,,,1,,7,,,,,,,,,,,,,,ActivatePlayer,
"['3', '2']",1,,5,"(0,3,0,6)",1,,7,,,1,,,2,,,,,,,,Block,Block
"['3', '2']",1,1,5,"(3,6)",1,,7,,,1,,,,1,,,,,,,Block,Block
"['3', '2']",1,,13,,1,,7,,,,,,2,1,,,,,,,Block,Push
"['3', '2']",1,1,13,,1,,7,,,,,,,1,,,,,,,Block,Push
"['3', '2']",1,,14,,1,,7,,,,,,2,1,,,,,,,Block,FollowUp
"['3', '2']",1,1,14,,1,,7,,,,,,1,,,,,,,,Block,FollowUp
"['3', '2']",6,1,3,"(5,1)",1,,43,,1,9,,,1,,,,,,,,Armor,Armor
"['3', '2']",42,1,,,1,,11,,,,,,,,,,,,,,ActivatePlayer,
"['3', '2']",,1,,,1,,11,,,,,,,,,,,,,,,
"['3', '2']",,,2,(2),1,,11,,,4,2,1,1,,,,,,,,,Dodge
"['3', '2']",,1,2,(5),1,,11,,,4,2,1,,,,,3,,,,,Dodge
"['3', '2']",,1,2,(1),1,,11,,,4,2,1,3,,11,59,,,,,,Dodge
"['3', '2']",6,1,3,"(5,5)",1,1,11,,,8,,,,,,,,,,,Armor,Armor
"['3', '2']",6,1,4,"(5,2)",1,,11,,3,,,,,,11,59,,,,,Armor,Injury
"['3', '3']",42,1,,,1,1,39,,,,,,,,,,,1,1,,ActivatePlayer,
"['3', '3']",,1,,,1,1,39,,,,,,,,,,,1,1,,,
"['3', '3']",,1,,,1,1,39,,,,,,,,,,,1,1,,,
"['3', '3']",,1,,,1,1,39,,,,,,,,,,,1,1,,,
"['3', '3']",,1,,,1,1,39,,,,,,,,,,,1,1,,,
"['3', '3']",,1,,,1,1,39,,,,,,,,,,,1,1,,,
"['3', '3']",42,1,,,1,1,37,,,,,,,,,,,1,1,,ActivatePlayer,
"['3', '3']",,1,,,1,1,37,,,,,,,,,,,1,1,,,
"['3', '3']",,1,,,1,1,37,,,,,,,,,,,1,1,,,
"['3', '3']",,1,,,1,1,37,,,,,,,,,,,1,1,,,
"['3', '3']",,1,,,1,1,37,,,,,,,,,,,1,1,,,
"['3', '3']",42,1,,,1,1,47,,,,,,,,,,,,1,,ActivatePlayer,
"['3', '3']",1,,5,"(2,3,4,6)",1,1,47,,,1,,,2,,,,,,1,,Block,Block
"['3', '3']",1,1,5,"(3,6)",1,,47,,,1,,,,1,,,,,1,,Block,Block
"['3', '3']",1,,13,,1,1,47,,,,,,2,1,,,,,1,,Block,Push
"['3', '3']",1,1,13,,1,1,47,,,,,,,2,,,,,1,,Block,Push
"['3', '3']",1,,14,,1,1,47,,,,,,2,2,,,,,1,,Block,FollowUp
"['3', '3']",1,1,14,,1,1,47,,,,,,1,,,,,1,1,,Block,FollowUp
"['3', '3']",6,1,3,"(1,6)",1,1,2,,1,10,,,1,,,,,1,1,,Armor,Armor
"['3', '3']",42,1,,,1,1,38,,,,,,,,,,,,1,,ActivatePlayer,
"['3', '3']",,1,,,1,1,38,,,,,,,,,,,,1,,,
"['3', '3']",,1,,,1,1,38,,,,,,,,,,,,1,,,
"['3', '3']",,1,,,1,1,38,,,,,,,,,,,,1,,,
"['3', '3']",,1,,,1,1,38,,,,,,,,,,,,1,,,
"['3', '3']",,1,,,1,1,38,,,,,,,,,,,,1,,,
"['3', '3']",,1,,,1,1,38,,,,,,,,,,,,1,,,
"['3', '3']",2,,5,"(2,2,4,4)",1,1,38,,,1,,,2,,,,,,1,,Blitz,Block
"['3', '3']",2,1,5,"(2,4)",1,,38,,,1,,,,,,,,,1,,Blitz,Block
"['3', '3']",2,,13,,1,1,38,,,,,,2,,,,,,1,,Blitz,Push
"['3', '3']",2,1,13,,1,1,38,,,,,,,,,,,,1,,Blitz,Push
"['3', '3']",1,1,14,,1,1,38,,-1,,,,,,38,36,,,1,,Block,FollowUp
"['3', '3']",2,1,1,(2),1,1,38,,,2,,,,,,,,,1,,Blitz,GFI
"['3', '3']",2,,5,"(2,0,4,0)",1,1,38,,,1,,,2,,,,,,1,,Blitz,Block
"['3', '3']",2,1,5,"(2,4)",1,,38,,,1,,,,,,,,,1,,Blitz,Block
"['3', '3']",2,,13,,1,1,38,,,,,,2,,,,,,1,,Blitz,Push
"['3', '3']",2,1,13,,1,1,38,,,,,,,1,,,,1,1,,Blitz,Push
"['3', '3']",1,1,14,,1,1,38,,-1,,,,,1,38,36,,1,1,,Block,FollowUp
"['3', '3']",42,1,,,1,1,40,,,,,,,,,,,,1,,ActivatePlayer,
"['3', '3']",1,,5,"(3,2,4,4)",1,1,40,,,1,,,2,,,,,,1,,Block,Block
"['3', '3']",1,1,5,"(3,4)",1,,40,,,1,,,,,10,7,,,1,,Block,Block
"['3', '3']",1,,13,,1,1,40,,,,,,2,,,,,,1,,Block,Push
"['3', '3']",1,1,13,,1,1,40,,,,,,,,,,,,1,,Block,Push
"['3', '3']",1,,14,,1,1,40,,,,,,2,,,,,,1,,Block,FollowUp
"['3', '3']",1,1,14,,1,1,40,,,,,,,1,,,,1,1,,Block,FollowUp
"['3', '3']",42,1,,,1,1,45,,,,,,,,,,,1,1,,ActivatePlayer,
"['3', '3']",,1,,,1,1,45,,,,,,,,,,,1,1,,,
"['3', '3']",42,1,,,1,1,41,,,,,,,,,,,1,1,,ActivatePlayer,
"['3', '3']",,1,2,(2),1,1,41,,,3,2,1,,,,,,1,1,,,Dodge
"['3', '3']",,1,,,1,1,41,,,,,,,,,,,1,1,,,
"['3', '3']",42,1,,,1,1,42,,,,,,,,,,,,1,,ActivatePlayer,
"['3', '3']",,,2,(1),1,1,42,,,3,,,2,,1,49,,,1,,,Dodge
"['3', '3']",,1,2,(4),1,1,42,,,3,,,,,1,49,1,1,1,,,Dodge
"['3', '3']",,1,,,1,1,42,,,,,,,,,,,1,1,,,
"['3', '3']",42,1,,,1,1,43,,,,,,,,,,,1,1,,ActivatePlayer,
"['3', '3']",,1,,,1,1,43,,,,,,,,,,,1,1,,,
"['3', '3']",,1,,,1,1,43,,,,,,,,,,,1,1,,,
"['3', '3']",,1,,,1,1,43,,,,,,,,,,,1,1,,,
"['3', '3']",,1,,,1,1,43,,,,,,,,,,,1,1,,,
"['4', '3']",42,1,,,1,,2,,,,,,,,,,,,,,ActivatePlayer,
"['4', '3']",,1,,,1,,2,,,,,,,,,,,,,,,
"['4', '3']",,1,,,1,,2,,,,,,,,,,,,,,,
"['4', '3']",,1,,,1,,2,,,,,,,,,,,,,,,
"['4', '3']",,1,,,1,,2,,,,,,,,,,,,,,,
"['4', '3']",42,1,,,1,,1,,,,,,,,,,,,,,ActivatePlayer,
"['4', '3']",15,1,20,(4),1,,1,,,2,,,,,1,31,,,,,ActivationTest,Bonehead
"['4', '3']",,1,,,1,,1,,,,,,,,,,,,,,,
"['4', '3']",,1,,,1,,1,,,,,,,,,,,,,,,
"['4', '3']",42,1,,,1,,10,,,,,,,,,,,,,,ActivatePlayer,
"['4', '3']",,1,2,(4),1,,10,,,4,2,1,,,10,59,,,,,,Dodge
"['4', '3']",,1,,,1,,10,,,,,,,,,,,,,,,
"['4', '3']",,1,,,1,,10,,,,,,,,,,,,,,,
"['4', '3']",,1,,,1,,10,,,,,,,,,,,,,,,
"['4', '3']",,1,,,1,,10,,,,,,,,,,,,,,,
"['4', '3']",,1,,,1,,10,,,,,,,,,,,,,,,
"['4', '3']",,1,,,1,,10,,,,,,,,,,,,,,,
"['4', '3']",42,1,,,1,,9,,,,,,,,,,,,,,ActivatePlayer,
"['4', '3']",,1,,,1,,9,,,,,,,,,,,,,,,
"['4', '3']",,1,,,1,,9,,,,,,,,,,,,,,,
"['4', '3']",,1,,,1,,9,,,,,,,,,,,,,,,
"['4', '3']",,1,,,1,,9,,,,,,,,,,,,,,,
"['4', '3']",,1,,,1,,9,,,,,,,,,,,,,,,
"['4', '3']",,1,,,1,,9,,,,,,,,,,,,,,,
"['4', '3']",,1,,,1,,9,,,,,,,,,,,,,,,
"['4', '3']",42,1,,,1,,3,,,,,,,,,,,,,,ActivatePlayer,
"['4', '3']",,1,,,1,,3,,,,,,,,,,,,,,,
"['4', '3']",,1,,,1,,3,,,,,,,,,,,,,,,
"['4', '3']",,1,,,1,,3,,,,,,,,,,,,,,,
"['4', '3']",,1,,,1,,3,,,,,,,,,,,,,,,
"['4', '3']",,1,,,1,,3,,,,,,,,,,,,,,,
"['4', '3']",,1,,,1,,3,,,,,,,,,,,,,,,
"['4', '3']",42,1,,,1,,4,,,,,,,,,,,,,,ActivatePlayer,
"['4', '3']",,1,,,1,,4,,,,,,,,,,,,,,,
"['4', '3']",,1,,,1,,4,,,,,,,,,,,,,,,
"['4', '3']",,1,,,1,,4,,,,,,,,,,,,,,,
"['4', '3']",,1,,,1,,4,,,,,,,,,,,,,,,
"['4', '3']",,1,,,1,,4,,,,,,,,,,,,,,,
"['4', '3']",2,,5,"(1,3,1,6)",1,,4,,,1,,,2,,,,,,,,Blitz,Block
"['4', '3']",2,1,5,"(3,6)",1,,4,,,1,,,,1,,,,,,,Blitz,Block
"['4', '3']",2,,13,,1,,4,,,,,,2,1,,,,,,,Blitz,Push
"['4', '3']",2,1,13,,1,,4,,,,,,,2,,,,,,,Blitz,Push
"['4', '3']",1,,14,,1,,4,,,,,,2,2,,,,,,,Block,FollowUp
"['4', '3']",1,1,14,,1,,4,,,,,,,1,,,,,,,Block,FollowUp
"['4', '3']",6,1,3,"(1,1)",1,,43,,1,9,,,1,1,,,,,,,Armor,Armor
"['4', '3']",42,1,,,1,,7,,,,,,,,,,,,,,ActivatePlayer,
"['4', '3']",1,,5,"(1,1,1,1)",1,,7,,,1,,,2,,,,,,,,Block,Block
"['4', '3']",1,,5,"(4,4,6,6)",1,,7,,,1,,,2,,,,1,,,,Block,Block
"['4', '3']",1,1,5,"(4,6)",1,,7,,,1,,,,1,,,1,,,,Block,Block
"['4', '3']",1,,13,,1,,7,,,,,,2,1,,,,,,,Block,Push
"['4', '3']",1,1,13,,1,,7,,,,,,,,,,,,,,Block,Push
"['4', '3']",1,,14,,1,,7,,,,,,2,,,,,,,,Block,FollowUp
"['4', '3']",1,1,14,,1,,7,,,,,,,1,,,,,,,Block,FollowUp
"['4', '3']",6,1,3,"(1,6)",1,,40,,1,9,,,1,1,,,,,,,Armor,Armor
"['4', '3']",42,1,,,1,,5,,,,,,,,,,,,,,ActivatePlayer,
"['4', '3']",1,,5,"(2,4,4,6)",1,,5,,,1,,,2,,,,,,,,Block,Block
"['4', '3']",1,1,5,"(4,6)",1,,5,,,1,,,,1,,,,,,,Block,Block
"['4', '3']",1,,13,,1,,5,,,,,,2,1,,,,,,,Block,Push
"['4', '3']",1,1,13,,1,,5,,,,,,,2,,,,,,,Block,Push
"['4', '3']",1,,14,,1,,5,,,,,,2,2,,,,,,,Block,FollowUp
"['4', '3']",1,1,14,,1,,5,,,,,,,1,,,,,,,Block,FollowUp
"['4', '3']",6,1,3,"(2,1)",1,,45,,1,9,,,1,1,,,,,,,Armor,Armor
"['4', '4']",42,1,,,1,1,47,,,,,,,,,,,1,1,,ActivatePlayer,
"['4', '4']",,1,,,1,1,47,,,,,,,,,,,1,1,,,
"['4', '4']",,1,,,1,1,47,,,,,,,,,,,1,1,,,
"['4', '4']",,1,,,1,1,47,,,,,,,,,,,1,1,,,
"['4', '4']",,1,,,1,1,47,,,,,,,,,,,1,1,,,
"['4', '4']",,1,,,1,1,47,,,,,,,,,,,1,1,,,
"['4', '4']",,1,,,1,1,47,,,,,,,,,,,1,1,,,
"['4', '4']",,1,,,1,1,47,,,,,,,,,,,1,1,,,
"['4', '4']",,1,,,1,1,47,,,,,,,,,,,1,1,,,
"['4', '4']",42,1,,,1,1,37,,,,,,,,,,,1,1,,ActivatePlayer,
"['4', '4']",,1,,,1,1,37,,,,,,,,,,,1,1,,,
"['4', '4']",,1,,,1,1,37,,,,,,,,,,,1,1,,,
"['4', '4']",,1,,,1,1,37,,,,,,,,,,,1,1,,,
"['4', '4']",,1,,,1,1,37,,,,,,,,,,,1,1,,,
"['4', '4']",,1,,,1,1,37,,,,,,,,,,,1,1,,,
"['4', '4']",,1,,,1,1,37,,,,,,,,,,,1,1,,,
"['4', '4']",42,1,,,1,1,40,,,,,,,,,,,1,1,,ActivatePlayer,
"['4', '4']",,1,,,1,1,40,,,,,,,,,,,1,1,,,
"['4', '4']",42,1,,,1,1,38,,,,,,,,,,,,1,,ActivatePlayer,
"['4', '4']",1,,5,"(4,4,6,6)",1,1,38,,,1,,,2,,,,,,1,,Block,Block
"['4', '4']",1,1,5,"(4,6)",1,,38,,,1,,,,,,,,,1,,Block,Block
"['4', '4']",1,,13,,1,1,38,,,,,,2,,,,,,1,,Block,Push
"['4', '4']",1,1,13,,1,1,38,,,,,,,,,,,1,1,,Block,Push
"['4', '4']",1,1,14,,1,1,38,,-1,,,,,,38,36,,1,1,,Block,FollowUp
"['4', '4']",6,1,3,"(1,4)",1,1,7,,1,10,,,1,,,,,1,1,,Armor,Armor
"['4', '4']",42,1,,,1,1,43,,,,,,,,,,,,1,,ActivatePlayer,
"['4', '4']",,1,,,1,1,43,,,,,,,,,,,,1,,,
"['4', '4']",,1,2,(4),1,1,43,,,3,2,1,,,,,,,1,,,Dodge
"['4', '4']",,1,,,1,1,43,,,,,,,,,,,,1,,,
"['4', '4']",,1,,,1,1,43,,,,,,,,,,,,1,,,
"['4', '4']",2,1,1,(2),1,1,43,,,2,,,,,,,,,1,,Blitz,GFI
"['4', '4']",2,,5,"(4,2,6,4)",1,1,43,,,1,,,2,,,,,,1,,Blitz,Block
"['4', '4']",2,1,5,"(4,6)",1,,43,,,1,,,,,,,,,1,,Blitz,Block
"['4', '4']",2,,13,,1,1,43,,,,,,2,,,,,,1,,Blitz,Push
"['4', '4']",2,1,13,,1,1,43,,,,,,,,,,,,1,,Blitz,Push
"['4', '4']",1,,14,,1,1,43,,,,,,2,,,,,,1,,Block,FollowUp
"['4', '4']",1,1,14,,1,1,43,,,,,,1,,,,,1,1,,Block,FollowUp
"['4', '4']",6,1,3,"(5,6)",1,1,3,,,10,,,,,,,,1,1,,Armor,Armor
"['4', '4']",6,1,4,"(2,2)",1,,3,,2,,,,1,,,,,1,1,,Armor,Injury
"['4', '4']",42,1,,,1,1,45,,,,,,,,,,,1,1,,ActivatePlayer,
"['4', '4']",,1,,,1,1,45,,,,,,,,,,,1,1,,,
"['4', '4']",,1,2,(2),1,1,45,,,3,2,1,,,,,,1,1,,,Dodge
"['4', '4']",,1,,,1,1,45,,,,,,,,,,,1,1,,,
"['4', '4']",,1,,,1,1,45,,,,,,,,,,,1,1,,,
"['4', '4']",42,1,,,1,1,39,,,,,,,,,,,1,1,,ActivatePlayer,
"['4', '4']",,1,,,1,1,39,,,,,,,,,,,1,1,,,
"['4', '4']",,1,,,1,1,39,,,,,,,,,,,1,1,,,
"['4', '4']",,1,,,1,1,39,,,,,,,,,,,1,1,,,
"['4', '4']",,1,,,1,1,39,,,,,,,,,,,1,1,,,
"['4', '4']",,1,,,1,1,39,,,,,,,,,,,1,1,,,
"['4', '4']",,1,,,1,1,39,,,,,,,,,,,1,1,,,
"['4', '4']",42,1,,,1,1,42,,,,,,,,,,,1,1,,ActivatePlayer,
"['4', '4']",,1,2,(5),1,1,42,,,3,,,,,1,49,,1,1,,,Dodge
"['4', '4']",,1,,,1,1,42,,,,,,,,,,,1,1,,,
"['4', '4']",,1,,,1,1,42,,,,,,,,,,,1,1,,,
"['4', '4']",,1,2,(3),1,1,42,,,3,2,1,,,,,,1,1,,,Dodge
"['4', '4']",,1,,,1,1,42,,,,,,,,,,,,1,,,
"['4', '4']",,,2,(1),1,1,42,,,3,2,1,2,,,,,,1,,,Dodge
"['4', '4']",,1,2,(3),1,1,42,,,3,2,1,,,,,1,1,1,,,Dodge
"['4', '4']",,1,1,(2),1,1,42,,,2,,,,,,,,1,1,,,GFI
"['4', '4']",,1,1,(4),1,1,42,,,2,,,,,,,,1,1,,,GFI
"['5', '4']",42,1,,,1,,7,,,,,,,,,,,,,,ActivatePlayer,
"['5', '4']",,1,,,1,,7,,,,,,,,,,,,,,,
"['5', '4']",42,1,,,1,,2,,,,,,,,,,,,,,ActivatePlayer,
"['5', '4']",,1,,,1,,2,,,,,,,,,,,,,,,
"['5', '4']",,1,,,1,,2,,,,,,,,,,,,,,,
"['5', '4']",,1,,,1,,2,,,,,,,,,,,,,,,
"['5', '4']",,1,,,1,,2,,,,,,,,,,,,,,,
"['5', '4']",42,1,,,1,,5,,,,,,,,,,,,,,ActivatePlayer,
"['5', '4']",,1,,,1,,5,,,,,,,,,,,,,,,
"['5', '4']",,1,,,1,,5,,,,,,,,,,,,,,,
"['5', '4']",,1,,,1,,5,,,,,,,,,,,,,,,
"['5', '4']",,1,,,1,,5,,,,,,,,,,,,,,,
"['5', '4']",,1,,,1,,5,,,,,,,,,,,,,,,
"['5', '4']",42,1,,,1,,4,,,,,,,,,,,,,,ActivatePlayer,
"['5', '4']",,1,,,1,,4,,,,,,,,,,,,,,,
"['5', '4']",,1,,,1,,4,,,,,,,,,,,,,,,
"['5', '4']",,1,,,1,,4,,,,,,,,,,,,,,,
"['5', '4']",2,,5,"(3,1,6,1)",1,,4,,,2,11,1,2,,,,,,,,Blitz,Block
"['5', '4']",2,1,5,"(3,6)",1,,4,,,2,11,1,,,,,,,,,Blitz,Block
"['5', '4']",2,,13,,1,,4,,,,,,2,,,,,,,,Blitz,Push
"['5', '4']",2,1,13,,1,,4,,,,,,,,,,,,,,Blitz,Push
"['5', '4']",1,,14,,1,,4,,,,,,2,,,,,,,,Block,FollowUp
"['5', '4']",1,1,14,,1,,4,,,,,,,1,,,,,,,Block,FollowUp
"['5', '4']",6,1,3,"(3,4)",1,,42,,1,9,,,1,1,,,,,,,Armor,Armor
"['5', '4']",42,1,,,1,,10,,,,,,,,,,,,,,ActivatePlayer,
"['5', '4']",,1,,,1,,10,,,,,,,,,,,,,,,
"['5', '4']",,1,,,1,,10,,,,,,,,,,,,,,,
"['5', '4']",,1,,,1,,10,,,,,,,,,,,,,,,
"['5', '4']",,1,,,1,,10,,,,,,,,,,,,,,,
"['5', '4']",,1,,,1,,10,,,,,,,,,,,,,,,
"['5', '4']",,1,,,1,,10,,,,,,,,,,,,,,,
"['5', '4']",,1,,,1,,10,,,,,,,,,,,,,,,
"['5', '4']",10,1,,,1,,10,,,,,,,,,,,,,,TouchDown,
"['5', '4']",12,1,17,(5),1,,11,10,,4,,,,,,,,,,,WakeUp,WakeUpKO
"['5', '4']",12,1,17,(6),1,,44,10,,4,,1,,,,,,,,,WakeUp,WakeUpKO
"['5', '4']",12,1,17,(6),1,,46,10,,4,,1,,,,,,,,,WakeUp,WakeUpKO
,7,,,"(1,1)",,,,,,,,,,,,,,,,,Kickoff,
"['5', '5']",7,1,,,1,,8,-1,,,,,,,,,,1,1,,Kickoff,
"['5', '5']",8,1,10,"(1,4)",1,,8,-1,,,,,,,,,,1,1,,Scatter,Scatter
"['5', '5']",8,1,10,(7),1,,8,-1,100,,,,,,,,,1,1,,Scatter,Scatter
"['5', '5']",42,1,,,1,1,37,,,,,,,,,,,,1,,ActivatePlayer,
"['5', '5']",,1,,,1,1,37,,,,,,,,,,,,1,,,
"['5', '5']",,1,,,1,1,37,,,,,,,,,,,,1,,,
"['5', '5']",,1,,,1,1,37,,,,,,,,,,,,1,,,
"['5', '5']",,1,,,1,1,37,,,,,,,,,,,,1,,,
"['5', '5']",,1,,,1,1,37,,,,,,,,,,,,1,,,
"['5', '5']",,1,,,1,1,37,,,,,,,,,,,,1,,,
"['5', '5']",2,,5,"(2,2,4,4)",1,1,37,,,1,,,2,,,,,,1,,Blitz,Block
"['5', '5']",2,1,5,"(2,4)",1,,37,,,1,,,,,,,,,1,,Blitz,Block
"['5', '5']",2,,13,,1,1,37,,,,,,2,,,,,,1,,Blitz,Push
"['5', '5']",2,1,13,,1,1,37,,,,,,,,,,,,1,,Blitz,Push
"['5', '5']",1,,14,,1,1,37,,,,,,2,,,,,,1,,Block,FollowUp
"['5', '5']",1,1,14,,1,1,37,,,,,,1,,,,,1,1,,Block,FollowUp
"['5', '5']",42,1,,,1,1,38,,,,,,,,,,,1,1,,ActivatePlayer,
"['5', '5']",,1,,,1,1,38,,,,,,,,,,,1,1,,,
"['5', '5']",,1,,,1,1,38,,,,,,,,,,,1,1,,,
"['5', '5']",,1,,,1,1,38,,,,,,,,,,,1,1,,,
"['5', '5']",,1,,,1,1,38,,,,,,,,,,,1,1,,,
"['5', '5']",,1,,,1,1,38,,,,,,,,,,,1,1,,,
"['5', '5']",,1,,,1,1,38,,,,,,,,,,,1,1,,,
"['5', '5']",,1,,,1,1,38,,,,,,,,,,,1,1,,,
"['5', '5']",42,1,,,1,1,47,,,,,,,,,,,1,1,,ActivatePlayer,
"['5', '5']",,1,,,1,1,47,,,,,,,,,,,1,1,,,
"['5', '5']",,1,,,1,1,47,,,,,,,,,,,1,1,,,
"['5', '5']",,1,,,1,1,47,,,,,,,,,,,1,1,,,
"['5', '5']",,1,,,1,1,47,,,,,,,,,,,1,1,,,
"['5', '5']",,1,,,1,1,47,,,,,,,,,,,1,1,,,
"['5', '5']",,1,,,1,1,47,,,,,,,,,,,1,1,,,
"['5', '5']",,1,,,1,1,47,,,,,,,,,,,1,1,,,
"['5', '5']",,1,,,1,1,47,,,,,,,,,,,1,1,,,
"['5', '5']",42,1,,,1,1,43,,,,,,,,,,,1,1,,ActivatePlayer,
"['5', '5']",,1,,,1,1,43,,,,,,,,,,,1,1,,,
"['5', '5']",14,1,7,(5),1,1,43,,,3,5,1,,,,,,1,1,,Pickup,Pickup
"['5', '5']",,1,,,1,1,43,,,,,,,,,,,1,1,,,
"['5', '5']",,1,,,1,1,43,,,,,,,,,,,1,1,,,
"['5', '5']",,1,,,1,1,43,,,,,,,,,,,1,1,,,
"['5', '5']",,1,,,1,1,43,,,,,,,,,,,1,1,,,
"['5', '5']",4,1,,,1,1,43,,,,,,,,,,,1,1,,Handoff,
"['5', '5']",9,1,9,(2),1,1,41,,,3,10,1,,,,,,1,1,,Catch,Catch
"['5', '5']",42,1,,,1,1,44,,,,,,,,,,,1,1,,ActivatePlayer,
"['5', '5']",,1,,,1,1,44,,,,,,,,,,,1,1,,,
"['5', '5']",,1,,,1,1,44,,,,,,,,,,,1,1,,,
"['5', '5']",,1,,,1,1,44,,,,,,,,,,,1,1,,,
"['5', '5']",42,1,,,1,1,40,,,,,,,,,,,1,1,,ActivatePlayer,
"['5', '5']",,1,,,1,1,40,,,,,,,,,,,1,1,,,
"['5', '5']",,1,,,1,1,40,,,,,,,,,,,1,1,,,
"['5', '5']",,1,,,1,1,40,,,,,,,,,,,1,1,,,
"['5', '5']",,1,,,1,1,40,,,,,,,,,,,1,1,,,
"['5', '5']",,1,,,1,1,40,,,,,,,,,,,1,1,,,
"['5', '5']",,1,,,1,1,40,,,,,,,,,,,1,1,,,
"['5', '5']",42,1,,,1,1,42,,,,,,,,,,,1,1,,ActivatePlayer,
"['5', '5']",,1,,,1,1,42,,,,,,,,,,,1,1,,,
"['5', '5']",,1,,,1,1,42,,,,,,,,,,,1,1,,,
"['5', '5']",42,1,,,1,1,41,,,,,,,,,,,,1,,ActivatePlayer,
"['5', '5']",,1,,,1,1,41,,,,,,,,,,,,1,,,
"['5', '5']",,1,,,1,1,41,,,,,,,,,,,,1,,,
"['5', '5']",,1,,,1,1,41,,,,,,,,,,,,1,,,
"['5', '5']",,1,,,1,1,41,,,,,,,,,,,,1,,,
"['5', '5']",3,1,12,(6),1,1,41,,,3,6,1,,,,,,,1,,Pass,Pass
"['5', '5']",9,,9,(1),1,1,39,,,3,4,1,2,,,,,,1,,Catch,Catch
"['5', '5']",9,1,9,(2),1,1,39,,,3,4,1,,,,,1,1,1,,Catch,Catch
"['5', '5']",42,1,,,1,1,39,,,,,,,,,,,1,1,,ActivatePlayer,
"['5', '5']",,1,,,1,1,39,,,,,,,,,,,1,1,,,
"['5', '5']",42,1,,,1,1,46,,,,,,,,,,,1,1,,ActivatePlayer,
"['5', '5']",,1,2,(5),1,1,46,,,3,2,1,,,,,,1,1,,,Dodge
"['5', '5']",,1,,,1,1,46,,,,,,,,,,,1,1,,,
"['5', '5']",42,1,,,1,1,45,,,,,,,,,,,1,1,,ActivatePlayer,
"['5', '5']",,1,2,(3),1,1,45,,,3,,,,,1,49,,1,1,,,Dodge
"['5', '5']",,1,,,1,1,45,,,,,,,,,,,1,1,,,
"['5', '5']",,1,,,1,1,45,,,,,,,,,,,1,1,,,
"['5', '5']",,1,,,1,1,45,,,,,,,,,,,1,1,,,
"['5', '5']",,1,,,1,1,45,,,,,,,,,,,1,1,,,
"['5', '5']",,1,,,1,1,45,,,,,,,,,,,1,1,,,
"['6', '5']",42,1,,,1,,6,,,,,,,,,,,,,,ActivatePlayer,
"['6', '5']",,1,,,1,,6,,,,,,,,,,,,,,,
"['6', '5']",,1,,,1,,6,,,,,,,,,,,,,,,
"['6', '5']",,1,,,1,,6,,,,,,,,,,,,,,,
"['6', '5']",,1,,,1,,6,,,,,,,,,,,,,,,
"['6', '5']",,1,,,1,,6,,,,,,,,,,,,,,,
"['6', '5']",42,1,,,1,,2,,,,,,,,,,,,,,ActivatePlayer,
"['6', '5']",,1,,,1,,2,,,,,,,,,,,,,,,
"['6', '5']",2,,5,"(3,2,6,4)",1,,2,,,1,,,2,,,,,,,,Blitz,Block
"['6', '5']",2,1,5,"(3,6)",1,,2,,,1,,,,,,,,,,,Blitz,Block
"['6', '5']",2,,13,,1,,2,,,,,,2,,,,,,,,Blitz,Push
"['6', '5']",2,1,13,,1,,2,,,,,,,2,,,,,,,Blitz,Push
"['6', '5']",1,,14,,1,,2,,,,,,2,2,,,,,,,Block,FollowUp
"['6', '5']",1,1,14,,1,,2,,,,,,,1,,,,,,,Block,FollowUp
"['6', '5']",6,1,3,"(4,4)",1,,42,,1,9,,,1,1,,,,,,,Armor,Armor
"['6', '5']",,1,,,1,,2,,,,,,,,,,,,,,,
"['6', '5']",,1,,,1,,2,,,,,,,,,,,,,,,
"['6', '5']",,1,,,1,,2,,,,,,,,,,,,,,,
"['6', '5']",,1,,,1,,2,,,,,,,,,,,,,,,
"['6', '5']",,1,1,(6),1,,2,,,2,,,,,,,,,,,,GFI
"['6', '5']",,1,1,(2),1,,2,,,2,,,,,,,,,,,,GFI
"['6', '5']",42,1,,,1,,7,,,,,,,,,,,,,,ActivatePlayer,
"['6', '5']",,1,,,1,,7,,,,,,,,,,,,,,,
"['6', '5']",,1,,,1,,7,,,,,,,,,,,,,,,
"['6', '5']",,1,,,1,,7,,,,,,,,,,,,,,,
"['6', '5']",,1,,,1,,7,,,,,,,,,,,,,,,
"['6', '5']",,1,,,1,,7,,,,,,,,,,,,,,,
"['6', '5']",,1,,,1,,7,,,,,,,,,,,,,,,
"['6', '5']",42,1,,,1,,1,,,,,,,,,,,,,,ActivatePlayer,
"['6', '5']",15,1,20,(5),1,,1,,,2,,,,,1,31,,,,,ActivationTest,Bonehead
"['6', '5']",,1,,,1,,1,,,,,,,,,,,,,,,
"['6', '5']",,1,,,1,,1,,,,,,,,,,,,,,,
"['6', '5']",,1,,,1,,1,,,,,,,,,,,,,,,
"['6', '5']",,1,,,1,,1,,,,,,,,,,,,,,,
"['6', '5']",,1,,,1,,1,,,,,,,,,,,,,,,
"['6', '5']",42,1,,,1,,3,,,,,,,,,,,,,,ActivatePlayer,
"['6', '5']",,1,,,1,,3,,,,,,,,,,,,,,,
"['6', '5']",,1,,,1,,3,,,,,,,,,,,,,,,
"['6', '5']",,1,,,1,,3,,,,,,,,,,,,,,,
"['6', '5']",,1,,,1,,3,,,,,,,,,,,,,,,
"['6', '5']",,1,,,1,,3,,,,,,,,,,,,,,,
"['6', '5']",,1,,,1,,3,,,,,,,,,,,,,,,
"['6', '5']",42,1,,,1,,5,,,,,,,,,,,,,,ActivatePlayer,
"['6', '5']",,1,,,1,,5,,,,,,,,,,,,,,,
"['6', '5']",,1,,,1,,5,,,,,,,,,,,,,,,
"['6', '5']",,1,,,1,,5,,,,,,,,,,,,,,,
"['6', '5']",,1,,,1,,5,,,,,,,,,,,,,,,
"['6', '5']",42,1,,,1,,9,,,,,,,,,,,,,,ActivatePlayer,
"['6', '5']",,1,,,1,,9,,,,,,,,,,,,,,,
"['6', '5']",,1,,,1,,9,,,,,,,,,,,,,,,
"['6', '5']",,1,,,1,,9,,,,,,,,,,,,,,,
"['6', '5']",,1,,,1,,9,,,,,,,,,,,,,,,
"['6', '5']",,1,,,1,,9,,,,,,,,,,,,,,,
"['6', '5']",,1,,,1,,9,,,,,,,,,,,,,,,
"['6', '5']",,1,,,1,,9,,,,,,,,,,,,,,,
"['6', '5']",,1,,,1,,9,,,,,,,,,,,,,,,
"['6', '5']",42,1,,,1,,10,,,,,,,,,,,,,,ActivatePlayer,
"['6', '5']",,1,,,1,,10,,,,,,,,,,,,,,,
"['6', '5']",,1,,,1,,10,,,,,,,,,,,,,,,
"['6', '5']",,1,,,1,,10,,,,,,,,,,,,,,,
"['6', '5']",,1,,,1,,10,,,,,,,,,,,,,,,
"['6', '5']",,1,,,1,,10,,,,,,,,,,,,,,,
"['6', '5']",,1,,,1,,10,,,,,,,,,,,,,,,
"['6', '5']",,1,,,1,,10,,,,,,,,,,,,,,,
"['6', '5']",,1,,,1,,10,,,,,,,,,,,,,,,
"['6', '5']",42,1,,,1,,11,,,,,,,,,,,,,,ActivatePlayer,
"['6', '5']",,1,,,1,,11,,,,,,,,,,,,,,,
"['6', '5']",,1,,,1,,11,,,,,,,,,,,,,,,
"['6', '5']",,1,,,1,,11,,,,,,,,,,,,,,,
"['6', '5']",,1,,,1,,11,,,,,,,,,,,,,,,
"['6', '5']",,1,,,1,,11,,,,,,,,,,,,,,,
"['6', '5']",,1,,,1,,11,,,,,,,,,,,,,,,
"['6', '5']",,1,,,1,,11,,,,,,,,,,,,,,,
"['6', '5']",,1,,,1,,11,,,,,,,,,,,,,,,
"['6', '5']",42,1,,,1,,4,,,,,,,,,,,,,,ActivatePlayer,
"['6', '5']",1,,5,"(4,3,6,6)",1,,4,,,1,,,2,,,,,,,,Block,Block
"['6', '5']",1,1,5,"(4,6)",1,,4,,,1,,,,,,,,,,,Block,Block
"['6', '5']",1,,13,,1,,4,,,,,,2,,,,,,,,Block,Push
"['6', '5']",1,1,13,,1,,4,,,,,,,,,,,,,,Block,Push
"['6', '5']",1,,14,,1,,4,,,,,,2,,,,,,,,Block,FollowUp
"['6', '5']",1,1,14,,1,,4,,,,,,,1,,,,,,,Block,FollowUp
"['6', '5']",6,1,3,"(4,2)",1,,44,,1,9,,,1,1,,,,,,,Armor,Armor
"['6', '5']",42,1,,,1,,8,,,,,,,,,,,,,,ActivatePlayer,
"['6', '5']",,1,,,1,,8,,,,,,,,,,,,,,,
"['6', '5']",,1,,,1,,8,,,,,,,,,,,,,,,
"['6', '5']",,1,,,1,,8,,,,,,,,,,,,,,,
"['6', '5']",,1,,,1,,8,,,,,,,,,,,,,,,
"['6', '5']",,1,2,(3),1,,8,,,4,2,1,,,8,59,,,,,,Dodge
"['6', '5']",,1,,,1,,8,,,,,,,,,,,,,,,
"['6', '5']",,1,,,1,,8,,,,,,,,,,,,,,,
"['6', '5']",,1,,,1,,8,,,,,,,,,,,,,,,
"['6', '6']",42,1,,,1,1,40,,,,,,,,,,,1,1,,ActivatePlayer,
"['6', '6']",,1,,,1,1,40,,,,,,,,,,,1,1,,,
"['6', '6']",,1,,,1,1,40,,,,,,,,,,,1,1,,,
"['6', '6']",42,1,,,1,1,38,,,,,,,,,,,,1,,ActivatePlayer,
"['6', '6']",1,,5,"(2,2,4,4)",1,1,38,,,1,,,2,,,,,,1,,Block,Block
"['6', '6']",1,1,5,"(2,4)",1,,38,,,1,,,,,,,,,1,,Block,Block
"['6', '6']",1,,13,,1,1,38,,,,,,2,,,,,,1,,Block,Push
"['6', '6']",1,1,13,,1,1,38,,,,,,,,,,,,1,,Block,Push
"['6', '6']",1,1,14,,1,1,38,,-1,,,,,,38,36,,,1,,Block,FollowUp
"['6', '6']",1,,5,"(2,4,4,6)",1,1,38,,,1,,,2,,,,,,1,,Block,Block
"['6', '6']",1,1,5,"(4,6)",1,,38,,,1,,,,1,,,,,1,,Block,Block
"['6', '6']",1,,13,,1,1,38,,,,,,2,1,,,,,1,,Block,Push
"['6', '6']",1,1,13,,1,1,38,,,,,,,2,,,,1,1,,Block,Push
"['6', '6']",1,1,14,,1,1,38,,-1,,,,,2,38,36,,1,1,,Block,FollowUp
"['6', '6']",6,1,3,"(6,2)",1,1,6,,1,10,,,1,2,,,,1,1,,Armor,Armor
"['6', '6']",42,1,,,1,1,47,,,,,,,,,,,1,1,,ActivatePlayer,
"['6', '6']",,1,2,(1),1,1,47,,,3,2,1,3,,,,,1,1,,,Dodge
"['6', '6']",6,1,3,"(1,4)",1,,47,,,8,,,1,,,,,1,1,,Armor,Armor
"['7', '6']",42,1,,,1,,6,,,,,,,,,,,,,,ActivatePlayer,
"['7', '6']",,1,,,1,,6,,,,,,,,,,,,,,,
"['7', '6']",42,1,,,1,,2,,,,,,,,,,,,,,ActivatePlayer,
"['7', '6']",1,,5,"(4,2,6,4)",1,,2,,,1,,,2,,,,,,,,Block,Block
"['7', '6']",1,1,5,"(4,6)",1,,2,,,1,,,,,,,,,,,Block,Block
"['7', '6']",1,,13,,1,,2,,,,,,2,,,,,,,,Block,Push
"['7', '6']",1,1,13,,1,,2,,,,,,,1,,,,,,,Block,Push
"['7', '6']",1,,14,,1,,2,,,,,,2,1,,,,,,,Block,FollowUp
"['7', '6']",1,1,14,,1,,2,,,,,,,1,,,,,,,Block,FollowUp
"['7', '6']",6,1,3,"(6,4)",1,,39,,,9,,,,1,,,,,,,Armor,Armor
"['7', '6']",6,1,4,"(1,5)",1,1,39,,2,,,,1,1,,,,,,,Armor,Injury
"['7', '6']",8,1,10,(8),1,,2,,,,,,,1,,,,,,,Scatter,Scatter
"['7', '6']",42,1,,,1,,9,,,,,,,,,,,,,,ActivatePlayer,
"['7', '6']",,1,,,1,,9,,,,,,,,,,,,,,,
"['7', '6']",,1,,,1,,9,,,,,,,,,,,,,,,
"['7', '6']",,1,,,1,,9,,,,,,,,,,,,,,,
"['7', '6']",,1,,,1,,9,,,,,,,,,,,,,,,
"['7', '6']",,1,,,1,,9,,,,,,,,,,,,,,,
"['7', '6']",,1,,,1,,9,,,,,,,,,,,,,,,
"['7', '6']",42,1,,,1,,3,,,,,,,,,,,,,,ActivatePlayer,
"['7', '6']",1,,5,"(0,3,0,6)",1,,3,,,1,,,2,,,,,,,,Block,Block
"['7', '6']",1,1,5,"(3,6)",1,,3,,,1,,,,1,,,,,,,Block,Block
"['7', '6']",1,,13,,1,,3,,,,,,2,1,,,,,,,Block,Push
"['7', '6']",1,1,13,,1,,3,,,,,,,,,,,,,,Block,Push
"['7', '6']",1,,14,,1,,3,,,,,,2,,,,,,,,Block,FollowUp
"['7', '6']",1,1,14,,1,,3,,,,,,,1,,,,,,,Block,FollowUp
"['7', '6']",6,1,3,"(6,4)",1,,41,,,9,,,,1,,,,,,,Armor,Armor
"['7', '6']",6,1,4,"(6,6)",1,1,41,,4,,,,,1,,,,,,,Armor,Injury
"['7', '6']",6,1,8,"(21,1)",1,1,41,,1,,,,,1,,,,,,,Armor,CasualtyRoll
"['7', '6']",42,1,,,1,,7,,,,,,,,,,,,,,ActivatePlayer,
"['7', '6']",1,,5,"(2,4,4,6)",1,,7,,,1,,,2,,,,,,,,Block,Block
"['7', '6']",1,1,5,"(4,6)",1,,7,,,1,,,,1,,,,,,,Block,Block
"['7', '6']",1,,13,,1,,7,,,,,,2,1,,,,,,,Block,Push
"['7', '6']",1,1,13,,1,,7,,,,,,,2,,,,,,,Block,Push
"['7', '6']",1,,14,,1,,7,,,,,,2,2,,,,,,,Block,FollowUp
"['7', '6']",1,1,14,,1,,7,,,,,,,1,,,,,,,Block,FollowUp
"['7', '6']",6,1,3,"(6,4)",1,,43,,,9,,,,1,,,,,,,Armor,Armor
"['7', '6']",6,1,4,"(3,6)",1,1,43,,3,,,,,1,,,,,,,Armor,Injury
"['7', '6']",42,1,,,1,,11,,,,,,,,,,,,,,ActivatePlayer,
"['7', '6']",,1,,,1,,11,,,,,,,,,,,,,,,
"['7', '6']",,1,,,1,,11,,,,,,,,,,,,,,,
"['7', '6']",,1,,,1,,11,,,,,,,,,,,,,,,
"['7', '6']",,1,,,1,,11,,,,,,,,,,,,,,,
"['7', '6']",,1,,,1,,11,,,,,,,,,,,,,,,
"['7', '6']",,1,,,1,,11,,,,,,,,,,,,,,,
"['7', '6']",,1,,,1,,11,,,,,,,,,,,,,,,
"['7', '6']",,1,,,1,,11,,,,,,,,,,,,,,,
"['7', '6']",42,1,,,1,,5,,,,,,,,,,,,,,ActivatePlayer,
"['7', '6']",1,,5,"(0,0,0,0)",1,,5,,,1,,,2,,,,,,,,Block,Block
"['7', '6']",1,,5,"(3,2,6,4)",1,,5,,,1,,,2,,,,1,,,,Block,Block
"['7', '6']",1,1,5,"(3,6)",1,,5,,,1,,,,,,,1,,,,Block,Block
"['7', '6']",1,,13,,1,,5,,,,,,2,,,,,,,,Block,Push
"['7', '6']",1,1,13,,1,,5,,,,,,,2,,,,,,,Block,Push
"['7', '6']",1,,14,,1,,5,,,,,,2,2,,,,,,,Block,FollowUp
"['7', '6']",1,1,14,,1,,5,,,,,,1,,,,,,,,Block,FollowUp
"['7', '6']",6,1,3,"(6,2)",1,,46,,1,9,,,1,,,,,,,,Armor,Armor
"['7', '6']",42,1,,,1,,10,,,,,,,,,,,,,,ActivatePlayer,
"['7', '6']",,1,,,1,,10,,,,,,,,,,,,,,,
"['7', '6']",,1,,,1,,10,,,,,,,,,,,,,,,
"['7', '6']",,1,,,1,,10,,,,,,,,,,,,,,,
"['7', '6']",,1,,,1,,10,,,,,,,,,,,,,,,
"['7', '6']",,1,,,1,,10,,,,,,,,,,,,,,,
"['7', '6']",,1,,,1,,10,,,,,,,,,,,,,,,
"['7', '6']",14,1,7,(5),1,,10,,,4,5,1,,,,,,,,,Pickup,Pickup
"['7', '6']",,1,,,1,,10,,,,,,,,,,,,,,,
"['7', '6']",,1,,,1,,10,,,,,,,,,,,,,,,
"['7', '6']",42,1,,,1,,1,,,,,,,,,,,,,,ActivatePlayer,
"['7', '6']",15,1,20,(4),1,,1,,,2,,,,,1,31,,,,,ActivationTest,Bonehead
"['7', '6']",1,,5,"(2,1,4,1)",1,,1,,,3,11,1,2,,,,,,,,Block,Block
"['7', '6']",1,1,5,"(2,4)",1,,1,,,3,11,1,,,,,,,,,Block,Block
"['7', '6']",1,,13,,1,,1,,,,,,2,,,,,,,,Block,Push
"['7', '6']",1,1,13,,1,,1,,,,,,,,,,,,,,Block,Push
"['7', '6']",1,,14,,1,,1,,,,,,2,,,,,,,,Block,FollowUp
"['7', '6']",1,1,14,,1,,1,,,,,,,1,,,,,,,Block,FollowUp
"['7', '6']",42,1,,,1,,4,,,,,,,,,,,,,,ActivatePlayer,
"['7', '6']",1,,5,"(2,1,4,1)",1,,4,,,2,11,1,2,,,,,,,,Block,Block
"['7', '6']",1,1,5,"(2,4)",1,,4,,,2,11,1,,,,,,,,,Block,Block
"['7', '6']",1,,13,,1,,4,,,,,,2,,,,,,,,Block,Push
"['7', '6']",1,1,13,,1,,4,,,,,,,,,,,,,,Block,Push
"['7', '6']",1,,14,,1,,4,,,,,,2,,,,,,,,Block,FollowUp
"['7', '6']",1,1,14,,1,,4,,,,,,,1,,,,,,,Block,FollowUp
"['7', '6']",42,1,,,1,,8,,,,,,,,,,,,,,ActivatePlayer,
"['7', '6']",,1,,,1,,8,,,,,,,,,,,,,,,
"['7', '6']",,1,,,1,,8,,,,,,,,,,,,,,,
"['7', '6']",,1,,,1,,8,,,,,,,,,,,,,,,
"['7', '6']",,1,,,1,,8,,,,,,,,,,,,,,,
"['7', '6']",,1,,,1,,8,,,,,,,,,,,,,,,
"['7', '6']",,1,,,1,,8,,,,,,,,,,,,,,,
"['7', '6']",,1,,,1,,8,,,,,,,,,,,,,,,
"['7', '6']",,1,,,1,,8,,,,,,,,,,,,,,,
"['7', '6']",,1,1,(1),1,,8,,,2,,,3,,,,,,,,,GFI
"['7', '6']",6,1,3,"(4,3)",1,1,8,,,8,,,1,,,,,,,,Armor,Armor
"['7', '7']",42,1,,,1,1,44,,,,,,,,,,,1,1,,ActivatePlayer,
"['7', '7']",,1,,,1,1,44,,,,,,,,,,,1,1,,,
"['7', '7']",42,1,,,1,1,46,,,,,,,,,,,1,1,,ActivatePlayer,
"['7', '7']",,1,,,1,1,46,,,,,,,,,,,1,1,,,
"['7', '7']",,1,,,1,1,46,,,,,,,,,,,1,1,,,
"['7', '7']",,1,,,1,1,46,,,,,,,,,,,1,1,,,
"['7', '7']",,1,,,1,1,46,,,,,,,,,,,1,1,,,
"['7', '7']",42,1,,,1,1,47,,,,,,,,,,,1,1,,ActivatePlayer,
"['7', '7']",,1,,,1,1,47,,,,,,,,,,,1,1,,,
"['7', '7']",,1,,,1,1,47,,,,,,,,,,,1,1,,,
"['7', '7']",,1,,,1,1,47,,,,,,,,,,,1,1,,,
"['7', '7']",,1,,,1,1,47,,,,,,,,,,,1,1,,,
"['7', '7']",,1,,,1,1,47,,,,,,,,,,,1,1,,,
"['7', '7']",42,1,,,1,1,40,,,,,,,,,,,1,1,,ActivatePlayer,
"['7', '7']",,1,,,1,1,40,,,,,,,,,,,1,1,,,
"['7', '7']",,1,,,1,1,40,,,,,,,,,,,1,1,,,
"['7', '7']",,1,,,1,1,40,,,,,,,,,,,1,1,,,
"['7', '7']",,1,,,1,1,40,,,,,,,,,,,1,1,,,
"['7', '7']",,1,,,1,1,40,,,,,,,,,,,1,1,,,
"['7', '7']",42,1,,,1,1,38,,,,,,,,,,,,1,,ActivatePlayer,
"['7', '7']",1,,5,"(2,1,4,5)",1,1,38,,,1,,,2,,,,,,1,,Block,Block
"['7', '7']",1,1,5,"(1,5)",1,,38,,,1,,,,1,38,30,,1,1,,Block,Block
"['7', '7']",6,1,3,"(5,6)",1,1,6,,,10,,,,1,,,,1,1,,Armor,Armor
"['7', '7']",6,1,4,"(6,2)",1,,6,,3,,,,,1,,,,1,1,,Armor,Injury
"['7', '7']",42,1,,,1,1,42,,,,,,,,,,,1,1,,ActivatePlayer,
"['7', '7']",,1,,,1,1,42,,,,,,,,,,,1,1,,,
"['7', '7']",,1,2,(3),1,1,42,,,3,2,1,,,,,,1,1,,,Dodge
"['7', '7']",,1,,,1,1,42,,,,,,,,,,,1,1,,,
"['7', '7']",,1,,,1,1,42,,,,,,,,,,,1,1,,,
"['7', '7']",,1,1,(3),1,1,42,,,2,,,,,,,,1,1,,,GFI
"['7', '7']",42,1,,,1,1,45,,,,,,,,,,,,1,,ActivatePlayer,
"['7', '7']",1,,5,"(4,6)",1,1,45,,,,,,2,,,,,,1,,Block,Block
"['7', '7']",1,1,5,"(4,6)",1,,45,,,,,,,,,,,,1,,Block,Block
"['7', '7']",1,,13,,1,1,45,,,,,,2,,,,,,1,,Block,Push
"['7', '7']",1,1,13,,1,1,45,,,,,,,,,,,,1,,Block,Push
"['7', '7']",1,,14,,1,1,45,,,,,,2,,,,,,1,,Block,FollowUp
"['7', '7']",1,1,14,,1,1,45,,,,,,1,,,,,1,1,,Block,FollowUp
"['7', '7']",6,1,3,"(1,1)",1,1,4,,1,10,,,1,,,,,1,1,,Armor,Armor
"['7', '7']",42,1,,,1,1,37,,,,,,,,,,,,1,,ActivatePlayer,
"['7', '7']",,1,,,1,1,37,,,,,,,,,,,,1,,,
"['7', '7']",,1,,,1,1,37,,,,,,,,,,,,1,,,
"['7', '7']",,1,,,1,1,37,,,,,,,,,,,,1,,,
"['7', '7']",,1,,,1,1,37,,,,,,,,,,,,1,,,
"['7', '7']",,1,,,1,1,37,,,,,,,,,,,,1,,,
"['7', '7']",2,,5,"(2,4,4,6)",1,1,37,,,1,,,2,,,,,,1,,Blitz,Block
"['7', '7']",2,1,5,"(4,6)",1,,37,,,1,,,,1,,,,,1,,Blitz,Block
"['7', '7']",2,,13,,1,1,37,,,,,,2,1,,,,,1,,Blitz,Push
"['7', '7']",2,1,13,,1,1,37,,,,,,,,,,,,1,,Blitz,Push
"['7', '7']",1,,14,,1,1,37,,,,,,2,,,,,,1,,Block,FollowUp
"['7', '7']",1,1,14,,1,1,37,,,,,,,1,,,,1,1,,Block,FollowUp
"['7', '7']",6,1,3,"(5,2)",1,1,1,,1,10,,,1,1,,,,1,1,,Armor,Armor
"['7', '7']",,1,,,1,1,37,,,,,,,,,,,1,1,,,
"['8', '7']",11,1,,,1,,39,-1,,,,,,,,,,,,,StunWake,
"['8', '7']",42,1,,,1,,10,,,,,,,,,,,,,,ActivatePlayer,
"['8', '7']",,1,,,1,,10,,,,,,,,,,,,,,,
"['8', '7']",10,1,,,1,,10,,,,,,,,,,,,,,TouchDown,
"['8', '7']",12,1,17,(6),1,,6,10,,4,,,,,,,,,,,WakeUp,WakeUpKO
"['8', '7']",12,1,17,(6),1,,43,10,,4,,1,,,,,,,,,WakeUp,WakeUpKO
,7,,,"(2,6)",,,,,,,,,6,,,,,,,,Kickoff,
"['8', '8']",7,1,,,1,,8,-1,,,,,,,,,,1,1,,Kickoff,
"['8', '8']",8,1,10,"(7,2)",1,,8,-1,,,,,,,,,,1,1,,Scatter,Scatter
"['8', '8']",8,1,10,(5),1,,8,-1,100,,,,,,,,,1,1,,Scatter,Scatter
"['8', '8']",42,1,,,1,1,43,,,,,,,,,,,1,1,,ActivatePlayer,
"['8', '8']",,1,,,1,1,43,,,,,,,,,,,1,1,,,
"['8', '8']",,1,,,1,1,43,,,,,,,,,,,1,1,,,
"['8', '8']",,1,,,1,1,43,,,,,,,,,,,1,1,,,
"['8', '8']",,1,,,1,1,43,,,,,,,,,,,1,1,,,
"['8', '8']",42,1,,,1,1,37,,,,,,,,,,,,1,,ActivatePlayer,
"['8', '8']",1,,5,"(2,3,4,6)",1,1,37,,,1,,,2,,,,,,1,,Block,Block
"['8', '8']",1,1,5,"(3,6)",1,,37,,,1,,,,1,,,,,1,,Block,Block
"['8', '8']",1,,13,,1,1,37,,,,,,2,1,,,,,1,,Block,Push
"['8', '8']",1,1,13,,1,1,37,,,,,,,,,,,,1,,Block,Push
"['8', '8']",1,,14,,1,1,37,,,,,,2,,,,,,1,,Block,FollowUp
"['8', '8']",1,1,14,,1,1,37,,,,,,,1,,,,1,1,,Block,FollowUp
"['8', '8']",6,1,3,"(4,1)",1,1,6,,1,10,,,1,1,,,,1,1,,Armor,Armor
"['8', '8']",42,1,,,1,1,44,,,,,,,,,,,1,1,,ActivatePlayer,
"['8', '8']",,1,,,1,1,44,,,,,,,,,,,1,1,,,
"['8', '8']",,1,,,1,1,44,,,,,,,,,,,1,1,,,
"['8', '8']",,1,,,1,1,44,,,,,,,,,,,1,1,,,
"['8', '8']",,1,,,1,1,44,,,,,,,,,,,1,1,,,
"['8', '8']",42,1,,,1,1,47,,,,,,,,,,,1,1,,ActivatePlayer,
"['8', '8']",,1,,,1,1,47,,,,,,,,,,,1,1,,,
"['8', '8']",42,1,,,1,1,40,,,,,,,,,,,1,1,,ActivatePlayer,
"['8', '8']",,1,,,1,1,40,,,,,,,,,,,1,1,,,
"['8', '8']",42,1,,,1,1,38,,,,,,,,,,,,1,,ActivatePlayer,
"['8', '8']",1,,5,"(1,3,5,6)",1,1,38,,,1,,,2,,,,,,1,,Block,Block
"['8', '8']",1,1,5,"(3,6)",1,,38,,,1,,,,1,,,,,1,,Block,Block
"['8', '8']",1,,13,,1,1,38,,,,,,2,1,,,,,1,,Block,Push
"['8', '8']",1,1,13,,1,1,38,,,,,,,1,,,,1,1,,Block,Push
"['8', '8']",1,1,14,,1,1,38,,-1,,,,,1,38,36,,1,1,,Block,FollowUp
"['8', '8']",6,1,3,"(2,3)",1,1,5,,1,10,,,1,1,,,,1,1,,Armor,Armor
"['8', '8']",42,1,,,1,1,46,,,,,,,,,,,1,1,,ActivatePlayer,
"['8', '8']",,1,,,1,1,46,,,,,,,,,,,1,1,,,
"['8', '8']",42,1,,,1,1,39,,,,,,,,,,,1,1,,ActivatePlayer,
"['8', '8']",,1,,,1,1,39,,,,,,,,,,,1,1,,,
"['8', '8']",,1,,,1,1,39,,,,,,,,,,,1,1,,,
"['8', '8']",,1,,,1,1,39,,,,,,,,,,,1,1,,,
"['8', '8']",,1,,,1,1,39,,,,,,,,,,,1,1,,,
"['8', '8']",,1,,,1,1,39,,,,,,,,,,,1,1,,,
"['8', '8']",,1,,,1,1,39,,,,,,,,,,,1,1,,,
"['8', '8']",,1,1,(5),1,1,39,,,2,,,,,,,,1,1,,,GFI
"['8', '8']",42,1,,,1,1,45,,,,,,,,,,,,1,,ActivatePlayer,
"['8', '8']",1,,5,"(1,0,1,0)",1,1,45,,,1,,,2,,,,,,1,,Block,Block
"['8', '8']",1,,5,"(2,4,4,6)",1,1,45,,,1,,,2,,,,1,,1,,Block,Block
"['8', '8']",1,1,5,"(4,6)",1,,45,,,1,,,,1,,,1,,1,,Block,Block
"['8', '8']",1,,13,,1,1,45,,,,,,2,1,,,,,1,,Block,Push
"['8', '8']",1,1,13,,1,1,45,,,,,,,,,,,,1,,Block,Push
"['8', '8']",1,,14,,1,1,45,,,,,,2,,,,,,1,,Block,FollowUp
"['8', '8']",1,1,14,,1,1,45,,,,,,,1,,,,1,1,,Block,FollowUp
"['8', '8']",6,1,3,"(4,2)",1,1,7,,1,10,,,1,1,,,,1,1,,Armor,Armor
"['8', '8']",42,1,,,1,1,42,,,,,,,,,,,1,1,,ActivatePlayer,
"['8', '8']",,1,,,1,1,42,,,,,,,,,,,1,1,,,
"['8', '8']",,1,,,1,1,42,,,,,,,,,,,1,1,,,
"['8', '8']",,1,,,1,1,42,,,,,,,,,,,1,1,,,
"['8', '8']",,1,,,1,1,42,,,,,,,,,,,1,1,,,
"['8', '8']",14,1,7,(5),1,1,42,,,3,5,1,,,,,,1,1,,Pickup,Pickup
"['8', '8']",,1,,,1,1,42,,,,,,,,,,,1,1,,,
"['8', '8']",,1,,,1,1,42,,,,,,,,,,,1,1,,,
"['8', '8']",3,1,12,(2),1,1,42,,1,3,7,,1,,,,,1,1,,Pass,Pass
"['8', '8']",8,1,10,"(7,1,7)",1,1,42,,,,,,,,,,,1,1,,Scatter,Scatter
"['8', '8']",8,1,10,(2),1,1,42,,,,,,,,,,,1,1,,Scatter,Scatter
"['8', '8']",9,1,9,(4),1,1,44,,,3,,,,,,,,1,1,,Catch,Catch
,7,,,"(4,3)",,,,,,,,,5,,,,,,,,Kickoff,
"['8', '9']",7,1,,,1,,8,-1,,,,,,,,,,1,1,,Kickoff,
"['8', '9']",8,1,10,"(2,5)",1,,8,-1,,,,,,,,,,1,1,,Scatter,Scatter
"['8', '9']",8,1,10,(2),1,,8,-1,100,,,,,,,,,1,1,,Scatter,Scatter
"['8', '9']",42,1,,,1,1,39,,,,,,,,,,,1,1,,ActivatePlayer,
"['8', '9']",,1,,,1,1,39,,,,,,,,,,,1,1,,,
"['8', '9']",,1,,,1,1,39,,,,,,,,,,,1,1,,,
"['8', '9']",,1,,,1,1,39,,,,,,,,,,,1,1,,,
"['8', '9']",,1,,,1,1,39,,,,,,,,,,,1,1,,,
"['8', '9']",42,1,,,1,1,43,,,,,,,,,,,1,1,,ActivatePlayer,
"['8', '9']",,1,,,1,1,43,,,,,,,,,,,1,1,,,
"['8', '9']",,1,,,1,1,43,,,,,,,,,,,1,1,,,
"['8', '9']",,1,,,1,1,43,,,,,,,,,,,1,1,,,
"['8', '9']",,1,,,1,1,43,,,,,,,,,,,1,1,,,
"['8', '9']",,1,,,1,1,43,,,,,,,,,,,1,1,,,
"['8', '9']",42,1,,,1,1,44,,,,,,,,,,,1,1,,ActivatePlayer,
"['8', '9']",,1,,,1,1,44,,,,,,,,,,,1,1,,,
"['8', '9']",,1,,,1,1,44,,,,,,,,,,,1,1,,,
"['8', '9']",,1,,,1,1,44,,,,,,,,,,,1,1,,,
"['8', '9']",,1,,,1,1,44,,,,,,,,,,,1,1,,,
"['8', '9']",,1,,,1,1,44,,,,,,,,,,,1,1,,,
"['8', '9']",42,1,,,1,1,38,,,,,,,,,,,,1,,ActivatePlayer,
"['8', '9']",,1,,,1,1,38,,,,,,,,,,,,1,,,
"['8', '9']",,1,,,1,1,38,,,,,,,,,,,,1,,,
"['8', '9']",2,,5,"(4,3,6,6)",1,1,38,,,1,,,2,,,,,,1,,Blitz,Block
"['8', '9']",2,1,5,"(4,6)",1,,38,,,1,,,,,,,,,1,,Blitz,Block
"['8', '9']",2,,13,,1,1,38,,,,,,2,,,,,,1,,Blitz,Push
"['8', '9']",2,1,13,,1,1,38,,,,,,,1,,,,1,1,,Blitz,Push
"['8', '9']",1,1,14,,1,1,38,,-1,,,,,1,38,36,,1,1,,Block,FollowUp
"['8', '9']",6,1,3,"(1,3)",1,1,5,,1,10,,,1,1,,,,1,1,,Armor,Armor
"['8', '9']",42,1,,,1,1,37,,,,,,,,,,,1,1,,ActivatePlayer,
"['8', '9']",,1,,,1,1,37,,,,,,,,,,,1,1,,,
"['8', '9']",,1,,,1,1,37,,,,,,,,,,,1,1,,,
"['8', '9']",,1,,,1,1,37,,,,,,,,,,,1,1,,,
"['8', '9']",,1,,,1,1,37,,,,,,,,,,,1,1,,,
"['8', '9']",,1,,,1,1,37,,,,,,,,,,,1,1,,,
"['8', '9']",,1,,,1,1,37,,,,,,,,,,,1,1,,,
"['8', '9']",,1,,,1,1,37,,,,,,,,,,,1,1,,,
"['8', '9']",42,1,,,1,1,40,,,,,,,,,,,1,1,,ActivatePlayer,
"['8', '9']",,1,,,1,1,40,,,,,,,,,,,1,1,,,
"['8', '9']",,1,,,1,1,40,,,,,,,,,,,1,1,,,
"['8', '9']",,1,,,1,1,40,,,,,,,,,,,1,1,,,
"['8', '9']",,1,,,1,1,40,,,,,,,,,,,1,1,,,
"['8', '9']",,1,,,1,1,40,,,,,,,,,,,1,1,,,
"['8', '9']",42,1,,,1,1,46,,,,,,,,,,,1,1,,ActivatePlayer,
"['8', '9']",,1,,,1,1,46,,,,,,,,,,,1,1,,,
"['8', '9']",,1,,,1,1,46,,,,,,,,,,,1,1,,,
"['8', '9']",42,1,,,1,1,47,,,,,,,,,,,1,1,,ActivatePlayer,
"['8', '9']",,1,,,1,1,47,,,,,,,,,,,1,1,,,
"['8', '9']",,1,,,1,1,47,,,,,,,,,,,1,1,,,
"['8', '9']",,1,,,1,1,47,,,,,,,,,,,1,1,,,
"['8', '9']",,1,,,1,1,47,,,,,,,,,,,1,1,,,
"['8', '9']",,1,,,1,1,47,,,,,,,,,,,1,1,,,
"['8', '9']",,1,,,1,1,47,,,,,,,,,,,1,1,,,
"['8', '9']",,1,,,1,1,47,,,,,,,,,,,1,1,,,
"['8', '9']",,1,,,1,1,47,,,,,,,,,,,1,1,,,
"['8', '9']",42,1,,,1,1,42,,,,,,,,,,,1,1,,ActivatePlayer,
"['8', '9']",,1,,,1,1,42,,,,,,,,,,,1,1,,,
"['8', '9']",,1,,,1,1,42,,,,,,,,,,,1,1,,,
"['8', '9']",,1,,,1,1,42,,,,,,,,,,,1,1,,,
"['8', '9']",,1,,,1,1,42,,,,,,,,,,,1,1,,,
"['8', '9']",14,1,7,(5),1,1,42,,,3,5,1,,,,,,1,1,,Pickup,Pickup
"['8', '9']",,1,,,1,1,42,,,,,,,,,,,,1,,,
"['8', '9']",3,1,12,(2),1,1,42,,,3,6,1,,,,,,,1,,Pass,Pass
"['8', '9']",9,,9,(1),1,1,37,,,3,4,1,2,,,,,,1,,Catch,Catch
"['8', '9']",9,1,9,(3),1,1,37,,,3,4,1,,,,,1,1,1,,Catch,Catch
"['8', '9']",42,1,,,1,1,45,,,,,,,,,,,1,1,,ActivatePlayer,
"['8', '9']",,1,2,(4),1,1,45,,,3,,,,,1,49,,1,1,,,Dodge
"['9', '9']",42,1,,,1,,5,,,,,,,,,,,,,,ActivatePlayer,
"['9', '9']",,1,,,1,,5,,,,,,,,,,,,,,,
"['9', '9']",42,1,,,1,,4,,,,,,,,,,,,,,ActivatePlayer,
"['9', '9']",1,,5,"(1,2,0,4)",1,,4,,,1,,,2,,,,,,,,Block,Block
"['9', '9']",1,1,5,"(2,4)",1,,4,,,1,,,,1,,,,,,,Block,Block
"['9', '9']",1,,13,,1,,4,,,,,,2,1,,,,,,,Block,Push
"['9', '9']",1,1,13,,1,,4,,,,,,,,,,,,,,Block,Push
"['9', '9']",1,,14,,1,,4,,,,,,2,,,,,,,,Block,FollowUp
"['9', '9']",1,1,14,,1,,4,,,,,,,1,,,,,,,Block,FollowUp
"['9', '9']",42,1,,,1,,11,,,,,,,,,,,,,,ActivatePlayer,
"['9', '9']",,1,,,1,,11,,,,,,,,,,,,,,,
"['9', '9']",,1,,,1,,11,,,,,,,,,,,,,,,
"['9', '9']",,1,,,1,,11,,,,,,,,,,,,,,,
"['9', '9']",,1,,,1,,11,,,,,,,,,,,,,,,
"['9', '9']",,1,,,1,,11,,,,,,,,,,,,,,,
"['9', '9']",42,1,,,1,,9,,,,,,,,,,,,,,ActivatePlayer,
"['9', '9']",,1,,,1,,9,,,,,,,,,,,,,,,
"['9', '9']",,1,,,1,,9,,,,,,,,,,,,,,,
"['9', '9']",,1,,,1,,9,,,,,,,,,,,,,,,
"['9', '9']",,1,,,1,,9,,,,,,,,,,,,,,,
"['9', '9']",,1,,,1,,9,,,,,,,,,,,,,,,
"['9', '9']",,1,,,1,,9,,,,,,,,,,,,,,,
"['9', '9']",42,1,,,1,,8,,,,,,,,,,,,,,ActivatePlayer,
"['9', '9']",,1,,,1,,8,,,,,,,,,,,,,,,
"['9', '9']",,1,,,1,,8,,,,,,,,,,,,,,,
"['9', '9']",,1,,,1,,8,,,,,,,,,,,,,,,
"['9', '9']",,1,,,1,,8,,,,,,,,,,,,,,,
"['9', '9']",,1,,,1,,8,,,,,,,,,,,,,,,
"['9', '9']",,1,,,1,,8,,,,,,,,,,,,,,,
"['9', '9']",,1,,,1,,8,,,,,,,,,,,,,,,
"['9', '9']",,1,,,1,,8,,,,,,,,,,,,,,,
"['9', '9']",42,1,,,1,,10,,,,,,,,,,,,,,ActivatePlayer,
"['9', '9']",,1,,,1,,10,,,,,,,,,,,,,,,
"['9', '9']",,1,,,1,,10,,,,,,,,,,,,,,,
"['9', '9']",,1,,,1,,10,,,,,,,,,,,,,,,
"['9', '9']",42,1,,,1,,1,,,,,,,,,,,,,,ActivatePlayer,
"['9', '9']",15,1,20,(3),1,,1,,,2,,,,,1,31,,,,,ActivationTest,Bonehead
"['9', '9']",,1,,,1,,1,,,,,,,,,,,,,,,
"['9', '9']",,1,,,1,,1,,,,,,,,,,,,,,,
"['9', '9']",,1,,,1,,1,,,,,,,,,,,,,,,
"['9', '9']",,1,,,1,,1,,,,,,,,,,,,,,,
"['9', '9']",42,1,,,1,,2,,,,,,,,,,,,,,ActivatePlayer,
"['9', '9']",,1,,,1,,2,,,,,,,,,,,,,,,
"['9', '9']",42,1,,,1,,6,,,,,,,,,,,,,,ActivatePlayer,
"['9', '9']",,1,,,1,,6,,,,,,,,,,,,,,,
"['9', '9']",,1,,,1,,6,,,,,,,,,,,,,,,
"['9', '9']",,1,,,1,,6,,,,,,,,,,,,,,,
"['9', '9']",,1,,,1,,6,,,,,,,,,,,,,,,
"['9', '9']",,1,,,1,,6,,,,,,,,,,,,,,,
"['9', '9']",2,,5,"(4,4,6,6)",1,,6,,,1,,,2,,,,,,,,Blitz,Block
"['9', '9']",2,1,5,"(4,6)",1,,6,,,1,,,,,,,,,,,Blitz,Block
"['9', '9']",2,,13,,1,,6,,,,,,2,,,,,,,,Blitz,Push
"['9', '9']",2,1,13,,1,,6,,,,,,,2,,,,,,,Blitz,Push
"['9', '9']",1,,14,,1,,6,,,,,,2,2,,,,,,,Block,FollowUp
"['9', '9']",1,1,14,,1,,6,,,,,,,1,,,,,,,Block,FollowUp
"['9', '9']",6,1,3,"(5,1)",1,,40,,1,9,,,1,1,,,,,,,Armor,Armor
"['9', '9']",42,1,,,1,,3,,,,,,,,,,,,,,ActivatePlayer,
"['9', '9']",,1,,,1,,3,,,,,,,,,,,,,,,
"['9', '9']",42,1,,,1,,7,,,,,,,,,,,,,,ActivatePlayer,
"['9', '9']",,1,,,1,,7,,,,,,,,,,,,,,,
"['9', '9']",,1,,,1,,7,,,,,,,,,,,,,,,
"['9', '9']",,1,,,1,,7,,,,,,,,,,,,,,,
"['9', '9']",,1,,,1,,7,,,,,,,,,,,,,,,
"['9', '9']",,1,,,1,,7,,,,,,,,,,,,,,,
"['9', '9']",,1,,,1,,7,,,,,,,,,,,,,,,
"['9', '10']",42,1,,,1,1,43,,,,,,,,,,,1,1,,ActivatePlayer,
"['9', '10']",,1,2,(4),1,1,43,,,3,2,1,,,,,,1,1,,,Dodge
"['9', '10']",,1,,,1,1,43,,,,,,,,,,,1,1,,,
"['9', '10']",42,1,,,1,1,38,,,,,,,,,,,,1,,ActivatePlayer,
"['9', '10']",1,,5,"(2,1,4,5)",1,1,38,,,1,,,2,,,,,,1,,Block,Block
"['9', '10']",1,1,5,"(2,4)",1,,38,,,1,,,,,,,,,1,,Block,Block
"['9', '10']",1,,13,,1,1,38,,,,,,2,,,,,,1,,Block,Push
"['9', '10']",1,1,13,,1,1,38,,,,,,,,,,,,1,,Block,Push
"['9', '10']",1,1,14,,1,1,38,,-1,,,,,,38,36,,,1,,Block,FollowUp
"['9', '10']",1,,5,"(1,5)",1,1,38,,,,,,2,,,,,,1,,Block,Block
"['9', '10']",1,1,5,"(1,5)",1,,38,,,,,,,,38,30,,1,1,,Block,Block
"['9', '10']",6,1,3,"(2,2)",1,1,4,,1,10,,,1,,,,,1,1,,Armor,Armor
"['9', '10']",42,1,,,1,1,42,,,,,,,,,,,,1,,ActivatePlayer,
"['9', '10']",,1,,,1,1,42,,,,,,,,,,,,1,,,
"['9', '10']",,1,,,1,1,42,,,,,,,,,,,,1,,,
"['9', '10']",,1,,,1,1,42,,,,,,,,,,,,1,,,
"['9', '10']",,1,,,1,1,42,,,,,,,,,,,,1,,,
"['9', '10']",,1,,,1,1,42,,,,,,,,,,,,1,,,
"['9', '10']",2,,5,"(0,3,0,4)",1,1,42,,,1,,,2,,,,,,1,,Blitz,Block
"['9', '10']",2,,62,(3),1,,42,,7,,,,2,1,,,,,1,,Blitz,DodgePick
"['9', '10']",2,1,5,"(3,4)",1,,42,,,1,,,,,11,7,,,1,,Blitz,Block
"['9', '10']",2,,13,,1,1,42,,,,,,2,,,,,,1,,Blitz,Push
"['9', '10']",2,1,13,,1,1,42,,,,,,,1,,,,,1,,Blitz,Push
"['9', '10']",1,,14,,1,1,42,,,,,,2,1,,,,,1,,Block,FollowUp
"['9', '10']",1,1,14,,1,1,42,,,,,,,1,,,,1,1,,Block,FollowUp
"['9', '10']",42,1,,,1,1,37,,,,,,,,,,,1,1,,ActivatePlayer,
"['9', '10']",,1,,,1,1,37,,,,,,,,,,,1,1,,,
"['9', '10']",,1,,,1,1,37,,,,,,,,,,,1,1,,,
"['9', '10']",,1,,,1,1,37,,,,,,,,,,,1,1,,,
"['9', '10']",,1,,,1,1,37,,,,,,,,,,,1,1,,,
"['9', '10']",,1,,,1,1,37,,,,,,,,,,,1,1,,,
"['9', '10']",,1,,,1,1,37,,,,,,,,,,,1,1,,,
"['9', '10']",,1,,,1,1,37,,,,,,,,,,,1,1,,,
"['9', '10']",3,,16,,1,,37,,,,,,2,,,,,,1,,Pass,Intercept
"['9', '10']",3,1,16,(6),1,,37,,,6,,,3,,,,,1,1,,Pass,Intercept
"['10', '10']",42,1,,,1,,3,,,,,,,,,,,,,,ActivatePlayer,
"['10', '10']",2,,5,"(3,1,6,1)",1,,3,,,1,,,2,,,,,,,,Blitz,Block
"['10', '10']",2,1,5,"(3,6)",1,,3,,,1,,,,,,,,,,,Blitz,Block
"['10', '10']",2,,13,,1,,3,,,,,,2,,,,,,,,Blitz,Push
"['10', '10']",2,1,13,,1,,3,,,,,,,2,,,,,,,Blitz,Push
"['10', '10']",1,,14,,1,,3,,,,,,2,2,,,,,,,Block,FollowUp
"['10', '10']",1,1,14,,1,,3,,,,,,,1,,,,,,,Block,FollowUp
"['10', '10']",6,1,3,"(3,2)",1,,45,,1,9,,,1,1,,,,,,,Armor,Armor
"['10', '10']",,1,,,1,,3,,,,,,,,,,,,,,,
"['10', '10']",,1,,,1,,3,,,,,,,,,,,,,,,
"['10', '10']",,1,,,1,,3,,,,,,,,,,,,,,,
"['10', '10']",,1,,,1,,3,,,,,,,,,,,,,,,
"['10', '10']",,1,,,1,,3,,,,,,,,,,,,,,,
"['10', '10']",42,1,,,1,,4,,,,,,,,,,,,,,ActivatePlayer,
"['10', '10']",,1,,,1,,4,,,,,,,,,,,,,,,
"['10', '10']",42,1,,,1,,8,,,,,,,,,,,,,,ActivatePlayer,
"['10', '10']",,1,,,1,,8,,,,,,,,,,,,,,,
"['10', '10']",,1,,,1,,8,,,,,,,,,,,,,,,
"['10', '10']",,1,,,1,,8,,,,,,,,,,,,,,,
"['10', '10']",,1,,,1,,8,,,,,,,,,,,,,,,
"['10', '10']",,1,,,1,,8,,,,,,,,,,,,,,,
"['10', '10']",,1,,,1,,8,,,,,,,,,,,,,,,
"['10', '10']",,1,,,1,,8,,,,,,,,,,,,,,,
"['10', '10']",42,1,,,1,,10,,,,,,,,,,,,,,ActivatePlayer,
"['10', '10']",,1,,,1,,10,,,,,,,,,,,,,,,
"['10', '10']",,1,,,1,,10,,,,,,,,,,,,,,,
"['10', '10']",,1,,,1,,10,,,,,,,,,,,,,,,
"['10', '10']",,1,,,1,,10,,,,,,,,,,,,,,,
"['10', '10']",,1,,,1,,10,,,,,,,,,,,,,,,
"['10', '10']",,1,,,1,,10,,,,,,,,,,,,,,,
"['10', '10']",42,1,,,1,,9,,,,,,,,,,,,,,ActivatePlayer,
"['10', '10']",,1,,,1,,9,,,,,,,,,,,,,,,
"['10', '10']",,1,,,1,,9,,,,,,,,,,,,,,,
"['10', '10']",,1,,,1,,9,,,,,,,,,,,,,,,
"['10', '10']",42,1,,,1,,7,,,,,,,,,,,,,,ActivatePlayer,
"['10', '10']",1,,5,"(1,1,1,1)",1,,7,,,1,,,2,,,,,,,,Block,Block
"['10', '10']",1,,5,"(2,2,4,4)",1,,7,,,1,,,2,,,,1,,,,Block,Block
"['10', '10']",1,1,5,"(2,4)",1,,7,,,1,,,,1,,,1,,,,Block,Block
"['10', '10']",1,,13,,1,,7,,,,,,2,1,,,,,,,Block,Push
"['10', '10']",1,1,13,,1,,7,,,,,,,1,,,,,,,Block,Push
"['10', '10']",1,,14,,1,,7,,,,,,2,1,,,,,,,Block,FollowUp
"['10', '10']",1,1,14,,1,,7,,,,,,,1,,,,,,,Block,FollowUp
"['10', '10']",42,1,,,1,,1,,,,,,,,,,,,,,ActivatePlayer,
"['10', '10']",15,1,20,(3),1,,1,,,2,,,,,1,31,,,,,ActivationTest,Bonehead
"['10', '10']",1,,5,"(2,4,4,6)",1,,1,,,2,,,2,,,,,,,,Block,Block
"['10', '10']",1,1,5,"(4,6)",1,,1,,,2,,,,1,,,,,,,Block,Block
"['10', '10']",1,,13,,1,,1,,,,,,2,1,,,,,,,Block,Push
"['10', '10']",1,1,13,,1,,1,,,,,,,2,,,,,,,Block,Push
"['10', '10']",1,,14,,1,,1,,,,,,2,2,,,,,,,Block,FollowUp
"['10', '10']",1,1,14,,1,,1,,,,,,,1,,,,,,,Block,FollowUp
"['10', '10']",6,1,3,"(2,4)",1,,47,,1,8,,,1,1,,,,,,,Armor,Armor
"['10', '10']",42,1,,,1,,2,,,,,,,,,,,,,,ActivatePlayer,
"['10', '10']",,1,,,1,,2,,,,,,,,,,,,,,,
"['10', '10']",,1,,,1,,2,,,,,,,,,,,,,,,
"['10', '10']",,1,,,1,,2,,,,,,,,,,,,,,,
"['10', '10']",,1,,,1,,2,,,,,,,,,,,,,,,
"['10', '10']",,1,,,1,,2,,,,,,,,,,,,,,,
"['10', '10']",,1,,,1,,2,,,,,,,,,,,,,,,
"['10', '10']",42,1,,,1,,11,,,,,,,,,,,,,,ActivatePlayer,
"['10', '10']",,1,2,(6),1,,11,,,4,2,1,,,11,59,,,,,,Dodge
"['10', '10']",,1,,,1,,11,,,,,,,,,,,,,,,
"['10', '10']",,1,,,1,,11,,,,,,,,,,,,,,,
"['10', '10']",,1,,,1,,11,,,,,,,,,,,,,,,
"['10', '10']",,1,,,1,,11,,,,,,,,,,,,,,,
"['10', '10']",,1,,,1,,11,,,,,,,,,,,,,,,
"['10', '10']",,1,,,1,,11,,,,,,,,,,,,,,,
"['10', '10']",,1,,,1,,11,,,,,,,,,,,,,,,
"['10', '10']",42,1,,,1,,5,,,,,,,,,,,,,,ActivatePlayer,
"['10', '10']",1,,5,"(2,2,4,4)",1,,5,,,1,13,,2,,,,,,,,Block,Block
"['10', '10']",1,1,5,"(2,4)",1,,5,,,1,13,,,1,,,,,,,Block,Block
"['10', '10']",1,,13,,1,,5,,,,,,2,1,,,,,,,Block,Push
"['10', '10']",1,,13,,1,,5,,,,,,2,1,,,,,,,Block,Push
"['10', '10']",1,1,13,,1,,5,,,,,,,2,,,,,,,Block,Push
"['10', '10']",1,1,13,,1,,5,,,,,,,2,,,,,,,Block,Push
"['10', '10']",1,,14,,1,,5,,,,,,2,2,,,,,,,Block,FollowUp
"['10', '10']",1,1,14,,1,,5,,,,,,,1,,,,,,,Block,FollowUp
"['10', '11']",42,1,,,1,1,40,,,,,,,,,,,1,1,,ActivatePlayer,
"['10', '11']",,1,,,1,1,40,,,,,,,,,,,1,1,,,
"['10', '11']",,1,2,(3),1,1,40,,,3,2,1,,,,,,1,1,,,Dodge
"['10', '11']",,1,,,1,1,40,,,,,,,,,,,1,1,,,
"['10', '11']",42,1,,,1,1,37,,,,,,,,,,,,1,,ActivatePlayer,
"['10', '11']",,1,,,1,1,37,,,,,,,,,,,,1,,,
"['10', '11']",,1,,,1,1,37,,,,,,,,,,,,1,,,
"['10', '11']",2,,5,"(2,1,4,5)",1,1,37,,,1,,,2,,,,,,1,,Blitz,Block
"['10', '11']",2,1,5,"(2,4)",1,,37,,,1,,,,,,,,,1,,Blitz,Block
"['10', '11']",2,,13,,1,1,37,,,,,,2,,,,,,1,,Blitz,Push
"['10', '11']",2,1,13,,1,1,37,,,,,,,1,,,,,1,,Blitz,Push
"['10', '11']",1,,14,,1,1,37,,,,,,2,1,,,,,1,,Block,FollowUp
"['10', '11']",1,1,14,,1,1,37,,,,,,1,,,,,1,1,,Block,FollowUp
"['10', '11']",,1,,,1,1,37,,,,,,,,,,,1,1,,,
"['10', '11']",,1,,,1,1,37,,,,,,,,,,,1,1,,,
"['10', '11']",,1,,,1,1,37,,,,,,,,,,,1,1,,,
"['10', '11']",,1,,,1,1,37,,,,,,,,,,,1,1,,,
"['10', '11']",42,1,,,1,1,46,,,,,,,,,,,,1,,ActivatePlayer,
"['10', '11']",1,,5,"(0,2,0,4)",1,1,46,,,1,,,2,,,,,,1,,Block,Block
"['10', '11']",1,1,5,"(2,4)",1,,46,,,1,,,,1,,,,,1,,Block,Block
"['10', '11']",1,,13,,1,1,46,,,,,,2,1,,,,,1,,Block,Push
"['10', '11']",1,1,13,,1,1,46,,,,,,,,,,,,1,,Block,Push
"['10', '11']",1,,14,,1,1,46,,,,,,2,,,,,,1,,Block,FollowUp
"['10', '11']",1,1,14,,1,1,46,,,,,,1,,,,,1,1,,Block,FollowUp
"['10', '11']",6,1,4,"(3,5)",1,,7,,3,,,,,,,,,1,1,,Armor,Injury
"['10', '11']",42,1,,,1,1,45,,,,,,,,,,,1,1,,ActivatePlayer,
"['10', '11']",,1,,,1,1,45,,,,,,,,,,,1,1,,,
"['10', '11']",42,1,,,1,1,42,,,,,,,,,,,1,1,,ActivatePlayer,
"['10', '11']",,1,,,1,1,42,,,,,,,,,,,1,1,,,
"['10', '11']",,1,,,1,1,42,,,,,,,,,,,1,1,,,
"['10', '11']",42,1,,,1,1,38,,,,,,,,,,,,1,,ActivatePlayer,
"['10', '11']",1,,5,"(4,6)",1,1,38,,,,,,2,,,,,,1,,Block,Block
"['10', '11']",1,1,5,"(4,6)",1,,38,,,,,,,,,,,,1,,Block,Block
"['10', '11']",1,,13,,1,1,38,,,,,,2,,,,,,1,,Block,Push
"['10', '11']",1,1,13,,1,1,38,,,,,,,1,,,,1,1,,Block,Push
"['10', '11']",1,1,14,,1,1,38,,-1,,,,,1,38,36,,1,1,,Block,FollowUp
"['10', '11']",6,1,3,"(3,6)",1,1,2,,1,10,,,1,1,,,,1,1,,Armor,Armor
"['10', '11']",42,1,,,1,1,44,,,,,,,,,,,1,1,,ActivatePlayer,
"['10', '11']",,1,,,1,1,44,,,,,,,,,,,1,1,,,
"['10', '11']",42,1,,,1,1,47,,,,,,,,,,,1,1,,ActivatePlayer,
"['10', '11']",,1,,,1,1,47,,,,,,,,,,,1,1,,,
"['10', '11']",,1,2,(6),1,1,47,,,3,,,,,1,49,,1,1,,,Dodge
"['10', '11']",,1,,,1,1,47,,,,,,,,,,,1,1,,,
"['10', '11']",,1,,,1,1,47,,,,,,,,,,,1,1,,,
"['10', '11']",,1,,,1,1,47,,,,,,,,,,,1,1,,,
"['10', '11']",,1,,,1,1,47,,,,,,,,,,,1,1,,,
"['10', '11']",42,1,,,1,1,43,,,,,,,,,,,,1,,ActivatePlayer,
"['10', '11']",1,,5,"(2,4)",1,1,43,,,,,,2,,,,,,1,,Block,Block
"['10', '11']",1,1,5,"(2,4)",1,,43,,,,,,,,,,,,1,,Block,Block
"['10', '11']",1,,13,,1,1,43,,,,,,2,,,,,,1,,Block,Push
"['10', '11']",1,1,13,,1,1,43,,,,,,,,,,,,1,,Block,Push
"['10', '11']",1,,14,,1,1,43,,,,,,2,,,,,,1,,Block,FollowUp
"['10', '11']",1,1,14,,1,1,43,,,,,,1,,,,,1,1,,Block,FollowUp
"['10', '11']",42,1,,,1,1,39,,,,,,,,,,,,1,,ActivatePlayer,
"['10', '11']",1,,5,"(0,0)",1,1,39,,,,11,1,2,,,,,,1,,Block,Block
"['10', '11']",1,,5,"(1,1)",1,1,39,,,,11,1,2,,,,1,,1,,Block,Block
"['10', '11']",1,1,5,"(1,1)",1,,39,,,,11,1,3,,,,1,1,1,,Block,Block
"['10', '11']",6,1,3,"(1,5)",1,,39,,1,9,,,1,,,,,1,1,,Armor,Armor
"['10', '11']",6,1,3,"(6,5)",1,1,4,,,10,,,,,,,,1,1,,Armor,Armor
"['10', '11']",6,1,4,"(1,4)",1,,4,,2,,,,1,,,,,1,1,,Armor,Injury
"['11', '11']",42,1,,,1,,3,,,,,,,,,,,,,,ActivatePlayer,
"['11', '11']",,1,,,1,,3,,,,,,,,,,,,,,,
"['11', '11']",,1,,,1,,3,,,,,,,,,,,,,,,
"['11', '11']",,1,,,1,,3,,,,,,,,,,,,,,,
"['11', '11']",,1,,,1,,3,,,,,,,,,,,,,,,
"['11', '11']",,1,,,1,,3,,,,,,,,,,,,,,,
"['11', '11']",42,1,,,1,,8,,,,,,,,,,,,,,ActivatePlayer,
"['11', '11']",,1,,,1,,8,,,,,,,,,,,,,,,
"['11', '11']",,1,,,1,,8,,,,,,,,,,,,,,,
"['11', '11']",,1,,,1,,8,,,,,,,,,,,,,,,
"['11', '11']",,1,,,1,,8,,,,,,,,,,,,,,,
"['11', '11']",,1,,,1,,8,,,,,,,,,,,,,,,
"['11', '11']",42,1,,,1,,10,,,,,,,,,,,,,,ActivatePlayer,
"['11', '11']",,1,,,1,,10,,,,,,,,,,,,,,,
"['11', '11']",,1,,,1,,10,,,,,,,,,,,,,,,
"['11', '11']",,1,,,1,,10,,,,,,,,,,,,,,,
"['11', '11']",,1,,,1,,10,,,,,,,,,,,,,,,
"['11', '11']",,1,,,1,,10,,,,,,,,,,,,,,,
"['11', '11']",,1,,,1,,10,,,,,,,,,,,,,,,
"['11', '11']",,1,,,1,,10,,,,,,,,,,,,,,,
"['11', '11']",42,1,,,1,,9,,,,,,,,,,,,,,ActivatePlayer,
"['11', '11']",,1,,,1,,9,,,,,,,,,,,,,,,
"['11', '11']",,1,,,1,,9,,,,,,,,,,,,,,,
"['11', '11']",,1,,,1,,9,,,,,,,,,,,,,,,
"['11', '11']",,1,,,1,,9,,,,,,,,,,,,,,,
"['11', '11']",,1,,,1,,9,,,,,,,,,,,,,,,
"['11', '11']",42,1,,,1,,5,,,,,,,,,,,,,,ActivatePlayer,
"['11', '11']",1,,5,"(3,4,6,6)",1,,5,,,1,,,2,,,,,,,,Block,Block
"['11', '11']",1,1,5,"(4,6)",1,,5,,,1,,,,1,,,,,,,Block,Block
"['11', '11']",1,,13,,1,,5,,,,,,2,1,,,,,,,Block,Push
"['11', '11']",1,1,13,,1,,5,,,,,,,,,,,,,,Block,Push
"['11', '11']",1,,14,,1,,5,,,,,,2,,,,,,,,Block,FollowUp
"['11', '11']",1,1,14,,1,,5,,,,,,,1,,,,,,,Block,FollowUp
"['11', '11']",6,1,3,"(1,1)",1,,47,,1,8,,,1,1,,,,,,,Armor,Armor
"['11', '11']",42,1,,,1,,2,,,,,,,,,,,,,,ActivatePlayer,
"['11', '11']",,1,,,1,,2,,,,,,,,,,,,,,,
"['11', '11']",42,1,,,1,,1,,,,,,,,,,,,,,ActivatePlayer,
"['11', '11']",15,1,20,(2),1,,1,,,2,,,,,1,31,,,,,ActivationTest,Bonehead
"['11', '11']",,1,,,1,,1,,,,,,,,,,,,,,,
"['11', '11']",,1,,,1,,1,,,,,,,,,,,,,,,
"['11', '11']",,1,,,1,,1,,,,,,,,,,,,,,,
"['11', '11']",,1,,,1,,1,,,,,,,,,,,,,,,
"['11', '11']",2,,5,"(3,3,6,6)",1,,1,,,2,,,2,,,,,,,,Blitz,Block
"['11', '11']",2,1,5,"(3,6)",1,,1,,,2,,,,,,,,,,,Blitz,Block
"['11', '11']",2,,13,,1,,1,,,,,,2,,,,,,,,Blitz,Push
"['11', '11']",2,1,13,,1,,1,,,,,,,,,,,,,,Blitz,Push
"['11', '11']",1,,14,,1,,1,,,,,,2,,,,,,,,Block,FollowUp
"['11', '11']",1,1,14,,1,,1,,,,,,,1,,,,,,,Block,FollowUp
"['11', '11']",6,1,3,"(5,4)",1,,44,,,9,,,,1,,,,,,,Armor,Armor
"['11', '11']",6,1,4,"(6,5)",1,1,44,,4,,,,,1,,,,,,,Armor,Injury
"['11', '11']",6,1,8,"(46,7)",1,1,44,,7,,,,,1,,,,,,,Armor,CasualtyRoll
"['11', '11']",42,1,,,1,,11,,,,,,,,,,,,,,ActivatePlayer,
"['11', '11']",,1,2,(6),1,,11,,,4,2,1,,,11,59,,,,,,Dodge
"['11', '11']",,1,,,1,,11,,,,,,,,,,,,,,,
"['11', '11']",,1,,,1,,11,,,,,,,,,,,,,,,
"['11', '11']",,1,,,1,,11,,,,,,,,,,,,,,,
"['11', '11']",,1,,,1,,11,,,,,,,,,,,,,,,
"['11', '11']",42,1,,,1,,6,,,,,,,,,,,,,,ActivatePlayer,
"['11', '11']",,1,,,1,,6,,,,,,,,,,,,,,,
"['11', '11']",,1,,,1,,6,,,,,,,,,,,,,,,
"['11', '11']",,1,,,1,,6,,,,,,,,,,,,,,,
"['11', '11']",,1,,,1,,6,,,,,,,,,,,,,,,
"['11', '11']",,1,,,1,,6,,,,,,,,,,,,,,,
"['11', '12']",11,1,,,1,,4,-1,,,,,,,,,,1,1,,StunWake,
"['11', '12']",42,1,,,1,1,37,,,,,,,,,,,1,1,,ActivatePlayer,
"['11', '12']",,1,,,1,1,37,,,,,,,,,,,1,1,,,
"['11', '12']",,1,,,1,1,37,,,,,,,,,,,1,1,,,
"['11', '12']",,1,,,1,1,37,,,,,,,,,,,1,1,,,
"['11', '12']",,1,,,1,1,37,,,,,,,,,,,1,1,,,
"['11', '12']",,1,,,1,1,37,,,,,,,,,,,1,1,,,
"['11', '12']",,1,,,1,1,37,,,,,,,,,,,1,1,,,
"['11', '12']",,1,,,1,1,37,,,,,,,,,,,1,1,,,
"['11', '12']",42,1,,,1,1,45,,,,,,,,,,,1,1,,ActivatePlayer,
"['11', '12']",,1,,,1,1,45,,,,,,,,,,,1,1,,,
"['11', '12']",,1,,,1,1,45,,,,,,,,,,,1,1,,,
"['11', '12']",,1,,,1,1,45,,,,,,,,,,,1,1,,,
"['11', '12']",,1,,,1,1,45,,,,,,,,,,,1,1,,,
"['11', '12']",,1,,,1,1,45,,,,,,,,,,,1,1,,,
"['11', '12']",42,1,,,1,1,40,,,,,,,,,,,1,1,,ActivatePlayer,
"['11', '12']",,1,,,1,1,40,,,,,,,,,,,1,1,,,
"['11', '12']",,1,,,1,1,40,,,,,,,,,,,1,1,,,
"['11', '12']",,1,,,1,1,40,,,,,,,,,,,1,1,,,
"['11', '12']",,1,,,1,1,40,,,,,,,,,,,1,1,,,
"['11', '12']",,1,,,1,1,40,,,,,,,,,,,1,1,,,
"['11', '12']",,1,,,1,1,40,,,,,,,,,,,1,1,,,
"['11', '12']",42,1,,,1,1,46,,,,,,,,,,,1,1,,ActivatePlayer,
"['11', '12']",,1,,,1,1,46,,,,,,,,,,,1,1,,,
"['11', '12']",,1,,,1,1,46,,,,,,,,,,,1,1,,,
"['11', '12']",,1,,,1,1,46,,,,,,,,,,,1,1,,,
"['11', '12']",,1,,,1,1,46,,,,,,,,,,,1,1,,,
"['11', '12']",,1,,,1,1,46,,,,,,,,,,,1,1,,,
"['11', '12']",,1,,,1,1,46,,,,,,,,,,,1,1,,,
"['11', '12']",42,1,,,1,1,42,,,,,,,,,,,1,1,,ActivatePlayer,
"['11', '12']",,1,,,1,1,42,,,,,,,,,,,1,1,,,
"['11', '12']",,1,,,1,1,42,,,,,,,,,,,1,1,,,
"['11', '12']",,1,,,1,1,42,,,,,,,,,,,1,1,,,
"['11', '12']",,1,,,1,1,42,,,,,,,,,,,1,1,,,
"['11', '12']",,1,,,1,1,42,,,,,,,,,,,1,1,,,
"['11', '12']",,1,,,1,1,42,,,,,,,,,,,1,1,,,
"['11', '12']",42,1,,,1,1,38,,,,,,,,,,,,1,,ActivatePlayer,
"['11', '12']",1,,5,"(3,3,6,6)",1,1,38,,,-3,12,-1,2,,,,,,1,,Block,Block
"['11', '12']",1,,5,"(3,3,6,6)",1,,38,,,-3,12,-1,2,,,,2,,1,,Block,Block
"['11', '12']",1,1,5,"(3,6)",1,,38,,,-3,12,-1,,1,,,2,,1,,Block,Block
"['11', '12']",1,,13,,1,1,38,,,,,,2,1,,,,,1,,Block,Push
"['11', '12']",1,1,13,,1,1,38,,,,,,,2,,,,1,1,,Block,Push
"['11', '12']",1,1,14,,1,1,38,,-1,,,,,2,38,36,,1,1,,Block,FollowUp
"['11', '12']",6,1,3,"(4,4)",1,1,1,,1,10,,,1,2,,,,1,1,,Armor,Armor
"['11', '12']",42,1,,,1,1,43,,,,,,,,,,,1,1,,ActivatePlayer,
"['11', '12']",,1,,,1,1,43,,,,,,,,,,,1,1,,,
"['11', '12']",,1,,,1,1,43,,,,,,,,,,,1,1,,,
"['11', '12']",,1,,,1,1,43,,,,,,,,,,,1,1,,,
"['11', '12']",42,1,,,1,1,39,,,,,,,,,,,,1,,ActivatePlayer,
"['11', '12']",,1,,,1,1,39,,,,,,,,,,,,1,,,
"['11', '12']",,1,2,(5),1,1,39,,,3,2,1,,,,,,,1,,,Dodge
"['11', '12']",,1,,,1,1,39,,,,,,,,,,,,1,,,
"['11', '12']",2,,5,"(4,2,6,4)",1,1,39,,,1,,,2,,,,,,1,,Blitz,Block
"['11', '12']",2,1,5,"(4,6)",1,,39,,,1,,,,,,,,,1,,Blitz,Block
"['11', '12']",2,,13,,1,1,39,,,,,,2,,,,,,1,,Blitz,Push
"['11', '12']",2,1,13,,1,1,39,,,,,,,,,,,,1,,Blitz,Push
"['11', '12']",1,,14,,1,1,39,,,,,,2,,,,,,1,,Block,FollowUp
"['11', '12']",1,1,14,,1,1,39,,,,,,,1,,,,1,1,,Block,FollowUp
"['11', '12']",6,1,3,"(3,1)",1,1,2,,1,10,,,1,1,,,,1,1,,Armor,Armor
"['11', '12']",42,1,,,1,1,47,,,,,,,,,,,1,1,,ActivatePlayer,
"['11', '12']",,1,,,1,1,47,,,,,,,,,,,1,1,,,
"['11', '12']",,1,2,(6),1,1,47,,,3,2,1,,,,,,1,1,,,Dodge
"['11', '12']",,1,,,1,1,47,,,,,,,,,,,1,1,,,
"['11', '12']",5,1,,,1,1,2,,,,,,,,,,,1,1,,FoulAR,
"['11', '12']",5,1,3,"(3,5)",1,1,2,,,10,,,,,,,,1,1,,FoulAR,Armor
"['11', '12']",5,1,4,"(6,4)",1,,2,,4,,,,,,,,,1,1,,FoulAR,Injury
"['11', '12']",5,1,8,"(52,11)",1,,2,,11,,,,,,,,,1,1,,FoulAR,CasualtyRoll
"['11', '12']",34,1,15,,1,,47,,101,,,,,,,,,1,1,,FoulRefCheck,FoulRefCheck
"['12', '12']",42,1,,,1,,6,,,,,,,,,,,,,,ActivatePlayer,
"['12', '12']",1,,5,"(0,0,0,0)",1,,6,,,1,13,,2,,,,,,,,Block,Block
"['12', '12']",1,,5,"(2,2,4,4)",1,,6,,,1,13,,2,,,,1,,,,Block,Block
"['12', '12']",1,1,5,"(2,4)",1,,6,,,1,13,,,1,,,1,,,,Block,Block
"['12', '12']",1,,13,,1,,6,,,,,,2,1,,,,,,,Block,Push
"['12', '12']",1,1,13,,1,,6,,,,,,,,,,,,,,Block,Push
"['12', '12']",1,,14,,1,,6,,,,,,2,,,,,,,,Block,FollowUp
"['12', '12']",1,1,14,,1,,6,,,,,,,1,,,,,,,Block,FollowUp
"['12', '12']",42,1,,,1,,3,,,,,,,,,,,,,,ActivatePlayer,
"['12', '12']",,1,,,1,,3,,,,,,,,,,,,,,,
"['12', '12']",10,1,,,1,,3,,,,,,,,,,,,,,TouchDown,
"['12', '12']",12,1,17,(6),1,,7,3,,4,,,,,,,,,,,WakeUp,WakeUpKO
,7,,,"(5,2)",,,,,,,,,5,,,,,,,,Kickoff,
"['12', '13']",7,1,,,1,,8,-1,,,,,,,,,,1,1,,Kickoff,
"['12', '13']",8,1,10,"(7,3)",1,,8,-1,,,,,,,,,,1,1,,Scatter,Scatter
"['12', '13']",8,1,58,(6),1,,8,-1,,,,,,,,,,1,1,,Scatter,ExtraScatter
"['12', '13']",8,1,10,(6),1,,8,-1,100,,,,,,,,,1,1,,Scatter,Scatter
"['12', '13']",42,1,,,1,1,37,,,,,,,,,,,,1,,ActivatePlayer,
"['12', '13']",,1,,,1,1,37,,,,,,,,,,,,1,,,
"['12', '13']",,1,,,1,1,37,,,,,,,,,,,,1,,,
"['12', '13']",,1,,,1,1,37,,,,,,,,,,,,1,,,
"['12', '13']",,1,,,1,1,37,,,,,,,,,,,,1,,,
"['12', '13']",,1,,,1,1,37,,,,,,,,,,,,1,,,
"['12', '13']",,1,,,1,1,37,,,,,,,,,,,,1,,,
"['12', '13']",2,,5,"(2,2,4,4)",1,1,37,,,1,,,2,,,,,,1,,Blitz,Block
"['12', '13']",2,1,5,"(2,4)",1,,37,,,1,,,,,,,,,1,,Blitz,Block
"['12', '13']",2,,13,,1,1,37,,,,,,2,,,,,,1,,Blitz,Push
"['12', '13']",2,1,13,,1,1,37,,,,,,,,,,,,1,,Blitz,Push
"['12', '13']",1,,14,,1,1,37,,,,,,2,,,,,,1,,Block,FollowUp
"['12', '13']",1,1,14,,1,1,37,,,,,,1,,,,,1,1,,Block,FollowUp
"['12', '13']",42,1,,,1,1,38,,,,,,,,,,,1,1,,ActivatePlayer,
"['12', '13']",,1,,,1,1,38,,,,,,,,,,,1,1,,,
"['12', '13']",,1,,,1,1,38,,,,,,,,,,,1,1,,,
"['12', '13']",,1,,,1,1,38,,,,,,,,,,,1,1,,,
"['12', '13']",,1,,,1,1,38,,,,,,,,,,,1,1,,,
"['12', '13']",,1,,,1,1,38,,,,,,,,,,,1,1,,,
"['12', '13']",,1,,,1,1,38,,,,,,,,,,,1,1,,,
"['12', '13']",,1,,,1,1,38,,,,,,,,,,,1,1,,,
"['12', '13']",42,1,,,1,1,43,,,,,,,,,,,1,1,,ActivatePlayer,
"['12', '13']",,1,,,1,1,43,,,,,,,,,,,1,1,,,
"['12', '13']",,1,,,1,1,43,,,,,,,,,,,1,1,,,
"['12', '13']",,1,,,1,1,43,,,,,,,,,,,1,1,,,
"['12', '13']",,1,,,1,1,43,,,,,,,,,,,1,1,,,
"['12', '13']",,1,,,1,1,43,,,,,,,,,,,1,1,,,
"['12', '13']",,1,,,1,1,43,,,,,,,,,,,1,1,,,
"['12', '13']",42,1,,,1,1,39,,,,,,,,,,,1,1,,ActivatePlayer,
"['12', '13']",,1,,,1,1,39,,,,,,,,,,,1,1,,,
"['12', '13']",,1,,,1,1,39,,,,,,,,,,,1,1,,,
"['12', '13']",,1,,,1,1,39,,,,,,,,,,,1,1,,,
"['12', '13']",,1,,,1,1,39,,,,,,,,,,,1,1,,,
"['12', '13']",,1,,,1,1,39,,,,,,,,,,,1,1,,,
"['12', '13']",,1,,,1,1,39,,,,,,,,,,,1,1,,,
"['12', '13']",42,1,,,1,1,42,,,,,,,,,,,1,1,,ActivatePlayer,
"['12', '13']",,1,,,1,1,42,,,,,,,,,,,1,1,,,
"['12', '13']",,1,,,1,1,42,,,,,,,,,,,1,1,,,
"['12', '13']",,1,,,1,1,42,,,,,,,,,,,1,1,,,
"['12', '13']",,1,,,1,1,42,,,,,,,,,,,1,1,,,
"['12', '13']",,1,,,1,1,42,,,,,,,,,,,1,1,,,
"['12', '13']",,1,,,1,1,42,,,,,,,,,,,1,1,,,
"['12', '13']",42,1,,,1,1,46,,,,,,,,,,,1,1,,ActivatePlayer,
"['12', '13']",,1,,,1,1,46,,,,,,,,,,,1,1,,,
"['12', '13']",,1,,,1,1,46,,,,,,,,,,,1,1,,,
"['12', '13']",,1,,,1,1,46,,,,,,,,,,,1,1,,,
"['12', '13']",,1,,,1,1,46,,,,,,,,,,,1,1,,,
"['12', '13']",,1,,,1,1,46,,,,,,,,,,,1,1,,,
"['12', '13']",,1,,,1,1,46,,,,,,,,,,,1,1,,,
"['12', '13']",42,1,,,1,1,40,,,,,,,,,,,1,1,,ActivatePlayer,
"['12', '13']",,1,,,1,1,40,,,,,,,,,,,1,1,,,
"['12', '13']",,1,,,1,1,40,,,,,,,,,,,1,1,,,
"['12', '13']",,1,,,1,1,40,,,,,,,,,,,1,1,,,
"['12', '13']",14,1,7,(2),1,1,40,,,3,5,1,,,,,,1,1,,Pickup,Pickup
"['12', '13']",,1,,,1,1,40,,,,,,,,,,,1,1,,,
"['12', '13']",,1,,,1,1,40,,,,,,,,,,,1,1,,,
"['12', '13']",,1,,,1,1,40,,,,,,,,,,,1,1,,,
"['12', '13']",3,1,12,(5),1,1,40,,,3,6,1,,,,,,1,1,,Pass,Pass
"['12', '13']",9,1,9,(6),1,1,47,,,3,4,1,,,,,,1,1,,Catch,Catch
"['12', '13']",42,1,,,1,1,47,,,,,,,,,,,1,1,,ActivatePlayer,
"['12', '13']",,1,,,1,1,47,,,,,,,,,,,1,1,,,
"['12', '13']",,1,,,1,1,47,,,,,,,,,,,1,1,,,
"['12', '13']",,1,,,1,1,47,,,,,,,,,,,1,1,,,
"['12', '13']",,1,,,1,1,47,,,,,,,,,,,1,1,,,
"['12', '13']",,1,,,1,1,47,,,,,,,,,,,1,1,,,
"['12', '13']",,1,,,1,1,47,,,,,,,,,,,1,1,,,
"['12', '13']",,1,,,1,1,47,,,,,,,,,,,1,1,,,
"['12', '13']",,1,,,1,1,47,,,,,,,,,,,1,1,,,
"['12', '13']",42,1,,,1,1,45,,,,,,,,,,,1,1,,ActivatePlayer,
"['12', '13']",,1,2,(5),1,1,45,,,3,2,1,,,,,,1,1,,,Dodge
"['12', '13']",,1,,,1,1,45,,,,,,,,,,,1,1,,,
"['12', '13']",,1,2,(2),1,1,45,,,3,2,1,,,,,,1,1,,,Dodge
"['12', '13']",,1,,,1,1,45,,,,,,,,,,,1,1,,,
"['12', '13']",,1,,,1,1,45,,,,,,,,,,,1,1,,,
"['12', '13']",,1,,,1,1,45,,,,,,,,,,,1,1,,,
"['12', '13']",,1,1,(5),1,1,45,,,2,,,,,,,,1,1,,,GFI
"['12', '13']",,1,1,(3),1,1,45,,,2,,,,,,,,1,1,,,GFI
"['13', '13']",42,1,,,1,,6,,,,,,,,,,,,,,ActivatePlayer,
"['13', '13']",,1,,,1,,6,,,,,,,,,,,,,,,
"['13', '13']",,1,,,1,,6,,,,,,,,,,,,,,,
"['13', '13']",,1,,,1,,6,,,,,,,,,,,,,,,
"['13', '13']",,1,,,1,,6,,,,,,,,,,,,,,,
"['13', '13']",,1,,,1,,6,,,,,,,,,,,,,,,
"['13', '13']",,1,,,1,,6,,,,,,,,,,,,,,,
"['13', '13']",42,1,,,1,,7,,,,,,,,,,,,,,ActivatePlayer,
"['13', '13']",,1,,,1,,7,,,,,,,,,,,,,,,
"['13', '13']",,1,,,1,,7,,,,,,,,,,,,,,,
"['13', '13']",,1,,,1,,7,,,,,,,,,,,,,,,
"['13', '13']",,1,,,1,,7,,,,,,,,,,,,,,,
"['13', '13']",,1,,,1,,7,,,,,,,,,,,,,,,
"['13', '13']",42,1,,,1,,5,,,,,,,,,,,,,,ActivatePlayer,
"['13', '13']",1,,5,"(0,2,0,4)",1,,5,,,1,,,2,,,,,,,,Block,Block
"['13', '13']",1,1,5,"(2,4)",1,,5,,,1,,,,1,,,,,,,Block,Block
"['13', '13']",1,,13,,1,,5,,,,,,2,1,,,,,,,Block,Push
"['13', '13']",1,1,13,,1,,5,,,,,,,2,,,,,,,Block,Push
"['13', '13']",1,,14,,1,,5,,,,,,2,2,,,,,,,Block,FollowUp
"['13', '13']",1,1,14,,1,,5,,,,,,,1,,,,,,,Block,FollowUp
"['13', '13']",42,1,,,1,,1,,,,,,,,,,,,,,ActivatePlayer,
"['13', '13']",15,1,20,(2),1,,1,,,2,,,,,1,31,,,,,ActivationTest,Bonehead
"['13', '13']",,1,,,1,,1,,,,,,,,,,,,,,,
"['13', '13']",,1,,,1,,1,,,,,,,,,,,,,,,
"['13', '13']",,1,,,1,,1,,,,,,,,,,,,,,,
"['13', '13']",,1,,,1,,1,,,,,,,,,,,,,,,
"['13', '13']",42,1,,,1,,4,,,,,,,,,,,,,,ActivatePlayer,
"['13', '13']",,1,,,1,,4,,,,,,,,,,,,,,,
"['13', '13']",,1,,,1,,4,,,,,,,,,,,,,,,
"['13', '13']",,1,,,1,,4,,,,,,,,,,,,,,,
"['13', '13']",42,1,,,1,,3,,,,,,,,,,,,,,ActivatePlayer,
"['13', '13']",,1,,,1,,3,,,,,,,,,,,,,,,
"['13', '13']",,1,,,1,,3,,,,,,,,,,,,,,,
"['13', '13']",,1,,,1,,3,,,,,,,,,,,,,,,
"['13', '13']",,1,,,1,,3,,,,,,,,,,,,,,,
"['13', '13']",,1,,,1,,3,,,,,,,,,,,,,,,
"['13', '13']",,1,,,1,,3,,,,,,,,,,,,,,,
"['13', '13']",42,1,,,1,,11,,,,,,,,,,,,,,ActivatePlayer,
"['13', '13']",,1,,,1,,11,,,,,,,,,,,,,,,
"['13', '13']",,1,,,1,,11,,,,,,,,,,,,,,,
"['13', '13']",,1,,,1,,11,,,,,,,,,,,,,,,
"['13', '13']",,1,,,1,,11,,,,,,,,,,,,,,,
"['13', '13']",,1,,,1,,11,,,,,,,,,,,,,,,
"['13', '13']",,1,,,1,,11,,,,,,,,,,,,,,,
"['13', '13']",,1,,,1,,11,,,,,,,,,,,,,,,
"['13', '13']",,1,,,1,,11,,,,,,,,,,,,,,,
"['13', '13']",42,1,,,1,,10,,,,,,,,,,,,,,ActivatePlayer,
"['13', '13']",,1,,,1,,10,,,,,,,,,,,,,,,
"['13', '13']",,1,,,1,,10,,,,,,,,,,,,,,,
"['13', '13']",,1,,,1,,10,,,,,,,,,,,,,,,
"['13', '13']",,1,,,1,,10,,,,,,,,,,,,,,,
"['13', '13']",,1,,,1,,10,,,,,,,,,,,,,,,
"['13', '13']",,1,,,1,,10,,,,,,,,,,,,,,,
"['13', '13']",,1,,,1,,10,,,,,,,,,,,,,,,
"['13', '13']",,1,,,1,,10,,,,,,,,,,,,,,,
"['13', '13']",,1,1,(4),1,,10,,,2,,,,,,,,,,,,GFI
"['13', '13']",42,1,,,1,,9,,,,,,,,,,,,,,ActivatePlayer,
"['13', '13']",,1,,,1,,9,,,,,,,,,,,,,,,
"['13', '13']",,1,,,1,,9,,,,,,,,,,,,,,,
"['13', '13']",,1,,,1,,9,,,,,,,,,,,,,,,
"['13', '13']",,1,,,1,,9,,,,,,,,,,,,,,,
"['13', '13']",,1,,,1,,9,,,,,,,,,,,,,,,
"['13', '13']",,1,,,1,,9,,,,,,,,,,,,,,,
"['13', '13']",,1,,,1,,9,,,,,,,,,,,,,,,
"['13', '13']",,1,,,1,,9,,,,,,,,,,,,,,,
"['13', '13']",42,1,,,1,,8,,,,,,,,,,,,,,ActivatePlayer,
"['13', '13']",,1,,,1,,8,,,,,,,,,,,,,,,
"['13', '13']",,,2,(2),1,,8,,,4,2,1,1,,,,,,,,,Dodge
"['13', '13']",,1,2,(1),1,,8,,,4,2,1,3,,,,3,,,,,Dodge
"['13', '13']",6,1,3,"(2,6)",1,1,8,,,8,,,,,,,,,,,Armor,Armor
"['13', '13']",6,1,4,"(4,2)",1,,8,,2,,,,1,,,,,,,,Armor,Injury
"['13', '14']",42,1,,,1,1,45,,,,,,,,,,,,1,,ActivatePlayer,
"['13', '14']",1,,5,"(2,0,4,0)",1,1,45,,,1,,,2,,,,,,1,,Block,Block
"['13', '14']",1,1,5,"(2,4)",1,,45,,,1,,,,,,,,,1,,Block,Block
"['13', '14']",1,,13,,1,1,45,,,,,,2,,,,,,1,,Block,Push
"['13', '14']",1,1,13,,1,1,45,,,,,,,1,,,,,1,,Block,Push
"['13', '14']",1,,14,,1,1,45,,,,,,2,1,,,,,1,,Block,FollowUp
"['13', '14']",1,1,14,,1,1,45,,,,,,,1,,,,1,1,,Block,FollowUp
"['13', '14']",42,1,,,1,1,47,,,,,,,,,,,1,1,,ActivatePlayer,
"['13', '14']",,1,,,1,1,47,,,,,,,,,,,1,1,,,
"['13', '14']",,1,,,1,1,47,,,,,,,,,,,1,1,,,
"['13', '14']",,1,,,1,1,47,,,,,,,,,,,1,1,,,
"['13', '14']",,1,,,1,1,47,,,,,,,,,,,1,1,,,
"['13', '14']",,1,,,1,1,47,,,,,,,,,,,1,1,,,
"['13', '14']",10,1,,,1,,47,,,,,,,,,,,1,1,,TouchDown,
,7,,,"(3,4)",,,,,,,,,5,,,,,,,,Kickoff,
"['14', '14']",7,1,,,1,1,37,-1,,,,,,,,,,,,,Kickoff,
"['14', '14']",8,1,10,"(6,5)",1,1,37,-1,,,,,,,,,,,,,Scatter,Scatter
"['14', '14']",8,1,58,(2),1,1,37,-1,,,,,,,,,,,,,Scatter,ExtraScatter
"['14', '14']",8,1,10,(8),1,1,37,-1,100,,,,,,,,,,,,Scatter,Scatter
"['14', '14']",42,1,,,1,,7,,,,,,,,,,,,,,ActivatePlayer,
"['14', '14']",1,,5,"(3,2,6,4)",1,,7,,,1,,,2,,,,,,,,Block,Block
"['14', '14']",1,1,5,"(3,6)",1,,7,,,1,,,,,,,,,,,Block,Block
"['14', '14']",1,,13,,1,,7,,,,,,2,,,,,,,,Block,Push
"['14', '14']",1,1,13,,1,,7,,,,,,,1,,,,,,,Block,Push
"['14', '14']",1,,14,,1,,7,,,,,,2,1,,,,,,,Block,FollowUp
"['14', '14']",1,1,14,,1,,7,,,,,,,1,,,,,,,Block,FollowUp
"['14', '14']",6,1,3,"(4,6)",1,,42,,,9,,,,1,,,,,,,Armor,Armor
"['14', '14']",6,1,4,"(1,6)",1,1,42,,2,,,,1,1,,,,,,,Armor,Injury
"['14', '14']",42,1,,,1,,6,,,,,,,,,,,,,,ActivatePlayer,
"['14', '14']",1,,5,"(0,2,0,4)",1,,6,,,2,11,1,2,,,,,,,,Block,Block
"['14', '14']",1,1,5,"(2,4)",1,,6,,,2,11,1,,1,,,,,,,Block,Block
"['14', '14']",1,,13,,1,,6,,,,,,2,1,,,,,,,Block,Push
"['14', '14']",1,1,13,,1,,6,,,,,,,1,,,,,,,Block,Push
"['14', '14']",1,,14,,1,,6,,,,,,2,1,,,,,,,Block,FollowUp
"['14', '14']",1,1,14,,1,,6,,,,,,,1,,,,,,,Block,FollowUp
"['14', '14']",42,1,,,1,,3,,,,,,,,,,,,,,ActivatePlayer,
"['14', '14']",1,,5,"(2,2,4,4)",1,,3,,,2,,,2,,,,,,,,Block,Block
"['14', '14']",1,1,5,"(2,4)",1,,3,,,2,,,,1,,,,,,,Block,Block
"['14', '14']",1,,13,,1,,3,,,,,,2,1,,,,,,,Block,Push
"['14', '14']",1,1,13,,1,,3,,,,,,,2,,,,,,,Block,Push
"['14', '14']",1,,14,,1,,3,,,,,,2,2,,,,,,,Block,FollowUp
"['14', '14']",1,1,14,,1,,3,,,,,,,1,,,,,,,Block,FollowUp
"['14', '14']",42,1,,,1,,1,,,,,,,,,,,,,,ActivatePlayer,
"['14', '14']",15,1,20,(4),1,,1,,,2,,,,,1,31,,,,,ActivationTest,Bonehead
"['14', '14']",1,,5,"(0,3,4,0,6,6)",1,,1,,,4,,,2,,,,,,,,Block,Block
"['14', '14']",1,1,5,"(4,6)",1,,1,,,4,,,,2,,,,,,,Block,Block
"['14', '14']",1,,13,,1,,1,,,,,,2,2,,,,,,,Block,Push
"['14', '14']",1,1,13,,1,,1,,,,,,,,,,,,,,Block,Push
"['14', '14']",1,,14,,1,,1,,,,,,2,,,,,,,,Block,FollowUp
"['14', '14']",1,1,14,,1,,1,,,,,,,1,,,,,,,Block,FollowUp
"['14', '14']",6,1,3,"(2,4)",1,,43,,1,9,,,1,1,,,,,,,Armor,Armor
"['14', '14']",42,1,,,1,,8,,,,,,,,,,,,,,ActivatePlayer,
"['14', '14']",,1,,,1,,8,,,,,,,,,,,,,,,
"['14', '14']",,1,,,1,,8,,,,,,,,,,,,,,,
"['14', '14']",42,1,,,1,,9,,,,,,,,,,,,,,ActivatePlayer,
"['14', '14']",,1,,,1,,9,,,,,,,,,,,,,,,
"['14', '14']",,1,,,1,,9,,,,,,,,,,,,,,,
"['14', '14']",,1,,,1,,9,,,,,,,,,,,,,,,
"['14', '14']",,1,,,1,,9,,,,,,,,,,,,,,,
"['14', '14']",,1,,,1,,9,,,,,,,,,,,,,,,
"['14', '14']",42,1,,,1,,11,,,,,,,,,,,,,,ActivatePlayer,
"['14', '14']",,1,,,1,,11,,,,,,,,,,,,,,,
"['14', '14']",,1,,,1,,11,,,,,,,,,,,,,,,
"['14', '14']",,1,,,1,,11,,,,,,,,,,,,,,,
"['14', '14']",,1,,,1,,11,,,,,,,,,,,,,,,
"['14', '14']",,1,,,1,,11,,,,,,,,,,,,,,,
"['14', '14']",42,1,,,1,,4,,,,,,,,,,,,,,ActivatePlayer,
"['14', '14']",,1,,,1,,4,,,,,,,,,,,,,,,
"['14', '14']",,1,,,1,,4,,,,,,,,,,,,,,,
"['14', '14']",2,,5,"(3,0,6,0)",1,,4,,,1,,,2,,,,,,,,Blitz,Block
"['14', '14']",2,1,5,"(3,6)",1,,4,,,1,,,,,,,,,,,Blitz,Block
"['14', '14']",2,,13,,1,,4,,,,,,2,,,,,,,,Blitz,Push
"['14', '14']",2,1,13,,1,,4,,,,,,,2,,,,,,,Blitz,Push
"['14', '14']",1,,14,,1,,4,,,,,,2,2,,,,,,,Block,FollowUp
"['14', '14']",1,1,14,,1,,4,,,,,,1,,,,,,,,Block,FollowUp
"['14', '14']",6,1,3,"(4,3)",1,,45,,1,9,,,1,,,,,,,,Armor,Armor
"['14', '14']",,1,,,1,,4,,,,,,,,,,,,,,,
"['14', '14']",,1,,,1,,4,,,,,,,,,,,,,,,
"['14', '14']",,1,,,1,,4,,,,,,,,,,,,,,,
"['14', '14']",42,1,,,1,,5,,,,,,,,,,,,,,ActivatePlayer,
"['14', '14']",,1,,,1,,5,,,,,,,,,,,,,,,
"['14', '14']",,1,,,1,,5,,,,,,,,,,,,,,,
"['14', '14']",,1,,,1,,5,,,,,,,,,,,,,,,
"['14', '14']",42,1,,,1,,10,,,,,,,,,,,,,,ActivatePlayer,
"['14', '14']",,1,,,1,,10,,,,,,,,,,,,,,,
"['14', '14']",,1,,,1,,10,,,,,,,,,,,,,,,
"['14', '14']",,1,,,1,,10,,,,,,,,,,,,,,,
"['14', '14']",,1,,,1,,10,,,,,,,,,,,,,,,
"['14', '14']",,1,,,1,,10,,,,,,,,,,,,,,,
"['14', '14']",14,1,7,(6),1,,10,,,4,5,1,,,,,,,,,Pickup,Pickup
"['14', '14']",,1,,,1,,10,,,,,,,,,,,,,,,
"['14', '14']",,1,,,1,,10,,,,,,,,,,,,,,,
"['14', '14']",,1,,,1,,10,,,,,,,,,,,,,,,
"['14', '14']",3,1,12,(1),1,,10,,2,4,,,3,,10,59,,,,,Pass,Pass
"['14', '14']",8,1,10,(2),1,,10,,,,,,,,,,,,,,Scatter,Scatter
"['14', '15']",42,1,,,1,1,45,,,,,,,,,,,1,1,,ActivatePlayer,
"['14', '15']",,1,,,1,1,45,,,,,,,,,,,1,1,,,
"['14', '15']",,1,,,1,1,45,,,,,,,,,,,1,1,,,
"['14', '15']",,1,,,1,1,45,,,,,,,,,,,1,1,,,
"['14', '15']",42,1,,,1,1,39,,,,,,,,,,,1,1,,ActivatePlayer,
"['14', '15']",,1,,,1,1,39,,,,,,,,,,,1,1,,,
"['14', '15']",,1,,,1,1,39,,,,,,,,,,,1,1,,,
"['14', '15']",,1,,,1,1,39,,,,,,,,,,,1,1,,,
"['14', '15']",,1,,,1,1,39,,,,,,,,,,,1,1,,,
"['14', '15']",,1,,,1,1,39,,,,,,,,,,,1,1,,,
"['14', '15']",,1,,,1,1,39,,,,,,,,,,,1,1,,,
"['14', '15']",,1,1,(2),1,1,39,,,2,,,,,,,,1,1,,,GFI
"['14', '15']",42,1,,,1,1,37,,,,,,,,,,,1,1,,ActivatePlayer,
"['14', '15']",,1,,,1,1,37,,,,,,,,,,,1,1,,,
"['14', '15']",,1,,,1,1,37,,,,,,,,,,,1,1,,,
"['14', '15']",,1,,,1,1,37,,,,,,,,,,,1,1,,,
"['14', '15']",,1,,,1,1,37,,,,,,,,,,,1,1,,,
"['14', '15']",42,1,,,1,1,43,,,,,,,,,,,1,1,,ActivatePlayer,
"['14', '15']",,1,,,1,1,43,,,,,,,,,,,1,1,,,
"['14', '15']",42,1,,,1,1,38,,,,,,,,,,,,1,,ActivatePlayer,
"['14', '15']",,1,,,1,1,38,,,,,,,,,,,,1,,,
"['14', '15']",,1,,,1,1,38,,,,,,,,,,,,1,,,
"['14', '15']",2,,5,"(4,2,6,4)",1,1,38,,,1,,,2,,,,,,1,,Blitz,Block
"['14', '15']",2,1,5,"(4,6)",1,,38,,,1,,,,,,,,,1,,Blitz,Block
"['14', '15']",2,,13,,1,1,38,,,,,,2,,,,,,1,,Blitz,Push
"['14', '15']",2,1,13,,1,1,38,,,,,,,1,,,,1,1,,Blitz,Push
"['14', '15']",1,1,14,,1,1,38,,-1,,,,,1,38,36,,1,1,,Block,FollowUp
"['14', '15']",6,1,3,"(6,3)",1,1,4,,1,10,,,1,1,,,,1,1,,Armor,Armor
"['14', '15']",,1,2,(6),1,1,38,,,3,2,1,,,,,,1,1,,,Dodge
"['14', '15']",,1,,,1,1,38,,,,,,,,,,,1,1,,,
"['14', '15']",,1,,,1,1,38,,,,,,,,,,,1,1,,,
"['14', '15']",42,1,,,1,1,46,,,,,,,,,,,1,1,,ActivatePlayer,
"['14', '15']",,1,,,1,1,46,,,,,,,,,,,1,1,,,
"['14', '15']",,1,,,1,1,46,,,,,,,,,,,1,1,,,
"['14', '15']",,1,,,1,1,46,,,,,,,,,,,1,1,,,
"['14', '15']",,1,,,1,1,46,,,,,,,,,,,1,1,,,
"['14', '15']",,1,,,1,1,46,,,,,,,,,,,1,1,,,
"['14', '15']",,1,,,1,1,46,,,,,,,,,,,1,1,,,
"['14', '15']",42,1,,,1,1,47,,,,,,,,,,,,1,,ActivatePlayer,
"['14', '15']",,1,,,1,1,47,,,,,,,,,,,,1,,,
"['14', '15']",,1,,,1,1,47,,,,,,,,,,,,1,,,
"['14', '15']",,,2,(2),1,1,47,,,3,,,2,,1,49,,,1,,,Dodge
"['14', '15']",,1,2,(2),1,1,47,,,3,,,3,,1,49,2,1,1,,,Dodge
"['14', '15']",6,1,3,"(5,4)",1,,47,,,8,,,,,,,,1,1,,Armor,Armor
"['14', '15']",6,1,4,"(3,6)",1,1,47,,3,,,,,,,,,1,1,,Armor,Injury
"['15', '15']",11,1,,,1,,42,-1,,,,,,,,,,,,1,StunWake,
"['15', '15']",42,1,,,1,,9,,,,,,,,,,,,,,ActivatePlayer,
"['15', '15']",,1,2,(3),1,,9,,,4,2,1,,,9,59,,,,,,Dodge
"['15', '15']",,1,,,1,,9,,,,,,,,,,,,,,,
"['15', '15']",,1,,,1,,9,,,,,,,,,,,,,,,
"['15', '15']",,1,,,1,,9,,,,,,,,,,,,,,,
"['15', '15']",,1,,,1,,9,,,,,,,,,,,,,,,
"['15', '15']",,1,,,1,,9,,,,,,,,,,,,,,,
"['15', '15']",,1,,,1,,9,,,,,,,,,,,,,,,
"['15', '15']",,1,,,1,,9,,,,,,,,,,,,,,,
"['15', '15']",42,1,,,1,,5,,,,,,,,,,,,,,ActivatePlayer,
"['15', '15']",1,,5,"(0,1,0,1)",1,,5,,,3,,,2,,,,,,,,Block,Block
"['15', '15']",1,1,5,"(1,1)",1,,5,,,3,,,3,1,,,,,,,Block,Block
"['15', '15']",6,1,3,"(2,2)",1,1,5,,1,10,,,1,1,,,,,,,Armor,Armor
"['15', '15']",6,1,3,"(3,1)",1,,40,,1,9,,,1,1,,,,,,,Armor,Armor
"['15', '16']",42,1,,,1,1,42,,,,,,,,,,,1,1,,ActivatePlayer,
"['15', '16']",,1,,,1,1,42,,,,,,,,,,,1,1,,,
"['15', '16']",42,1,,,1,1,45,,,,,,,,,,,1,1,,ActivatePlayer,
"['15', '16']",,1,,,1,1,45,,,,,,,,,,,1,1,,,
"['15', '16']",42,1,,,1,1,37,,,,,,,,,,,,1,,ActivatePlayer,
"['15', '16']",1,,5,"(0,1,0,5)",1,1,37,,,1,,,2,,,,,,1,,Block,Block
"['15', '16']",1,1,5,"(1,5)",1,,37,,,1,,,,1,37,30,,1,1,,Block,Block
"['15', '16']",6,1,3,"(4,5)",1,1,7,,1,10,,,1,1,,,,1,1,,Armor,Armor
"['15', '16']",42,1,,,1,1,39,,,,,,,,,,,1,1,,ActivatePlayer,
"['15', '16']",,1,,,1,1,39,,,,,,,,,,,1,1,,,
"['15', '16']",,1,,,1,1,39,,,,,,,,,,,1,1,,,
"['15', '16']",,1,,,1,1,39,,,,,,,,,,,1,1,,,
"['15', '16']",,1,,,1,1,39,,,,,,,,,,,1,1,,,
"['15', '16']",,1,,,1,1,39,,,,,,,,,,,1,1,,,
"['15', '16']",42,1,,,1,1,46,,,,,,,,,,,1,1,,ActivatePlayer,
"['15', '16']",,1,,,1,1,46,,,,,,,,,,,1,1,,,
"['15', '16']",,1,,,1,1,46,,,,,,,,,,,1,1,,,
"['15', '16']",,1,,,1,1,46,,,,,,,,,,,1,1,,,
"['15', '16']",,1,,,1,1,46,,,,,,,,,,,1,1,,,
"['15', '16']",,1,,,1,1,46,,,,,,,,,,,1,1,,,
"['15', '16']",,1,,,1,1,46,,,,,,,,,,,1,1,,,
"['15', '16']",42,1,,,1,1,38,,,,,,,,,,,,1,,ActivatePlayer,
"['15', '16']",,1,,,1,1,38,,,,,,,,,,,,1,,,
"['15', '16']",,1,,,1,1,38,,,,,,,,,,,,1,,,
"['15', '16']",,1,,,1,1,38,,,,,,,,,,,,1,,,
"['15', '16']",,1,,,1,1,38,,,,,,,,,,,,1,,,
"['15', '16']",2,,5,"(0,2,0,4)",1,1,38,,,1,13,,2,,,,,,1,,Blitz,Block
"['15', '16']",2,1,5,"(2,4)",1,,38,,,1,13,,,1,,,,,1,,Blitz,Block
"['15', '16']",2,,13,,1,1,38,,,,,,2,1,,,,,1,,Blitz,Push
"['15', '16']",2,1,13,,1,1,38,,,,,,,1,,,,,1,,Blitz,Push
"['15', '16']",1,1,14,,1,1,38,,-1,,,,,1,38,36,,,1,,Block,FollowUp
"['15', '16']",8,1,10,(5),1,1,38,,,,,,,1,,,,,1,,Scatter,Scatter
"['15', '16']",2,,5,"(3,2,4,4)",1,1,38,,,2,11,1,2,1,,,,,1,,Blitz,Block
"['15', '16']",2,1,5,"(3,4)",1,,38,,,2,11,1,,,10,7,,,1,,Blitz,Block
"['15', '16']",2,,13,,1,1,38,,,,,,2,,,,,,1,,Blitz,Push
"['15', '16']",2,1,13,,1,1,38,,,,,,,1,,,,1,1,,Blitz,Push
"['15', '16']",1,1,14,,1,1,38,,-1,,,,,1,38,36,,1,1,,Block,FollowUp
"['15', '16']",,,2,(1),1,1,38,,,3,2,1,2,,,,,,1,,,Dodge
"['15', '16']",,1,2,(1),1,1,38,,,3,2,1,3,,,,1,1,1,,,Dodge
"['15', '16']",6,1,3,"(3,5)",1,,38,,,9,,,1,,,,,1,1,,Armor,Armor
"['16', '16']",42,1,,,1,,3,,,,,,,,,,,,,,ActivatePlayer,
"['16', '16']",,1,,,1,,3,,,,,,,,,,,,,,,
"['16', '16']",42,1,,,1,,1,,,,,,,,,,,,,,ActivatePlayer,
"['16', '16']",15,1,20,(3),1,,1,,,2,,,,,1,31,,,,,ActivationTest,Bonehead
"['16', '16']",1,,5,"(1,2,2,1,4,4)",1,,1,,,4,,,2,,,,,,,,Block,Block
"['16', '16']",1,1,5,"(2,4)",1,,1,,,4,,,,1,,,,,,,Block,Block
"['16', '16']",1,,13,,1,,1,,,,,,2,1,,,,,,,Block,Push
"['16', '16']",1,1,13,,1,,1,,,,,,,,,,,,,,Block,Push
"['16', '16']",1,,14,,1,,1,,,,,,2,,,,,,,,Block,FollowUp
"['16', '16']",1,1,14,,1,,1,,,,,,,1,,,,,,,Block,FollowUp
"['16', '16']",42,1,,,1,,6,,,,,,,,,,,,,,ActivatePlayer,
"['16', '16']",,1,,,1,,6,,,,,,,,,,,,,,,
"['16', '16']",,1,,,1,,6,,,,,,,,,,,,,,,
"['16', '16']",2,,5,"(3,4,6,6)",1,,6,,,3,,,2,,,,,,,,Blitz,Block
"['16', '16']",2,1,5,"(4,6)",1,,6,,,3,,,,1,,,,,,,Blitz,Block
"['16', '16']",2,,13,,1,,6,,,,,,2,1,,,,,,,Blitz,Push
"['16', '16']",2,1,13,,1,,6,,,,,,,,,,,,,,Blitz,Push
"['16', '16']",1,,14,,1,,6,,,,,,2,,,,,,,,Block,FollowUp
"['16', '16']",1,1,14,,1,,6,,,,,,,1,,,,,,,Block,FollowUp
"['16', '16']",6,1,3,"(4,2)",1,,43,,1,9,,,1,1,,,,,,,Armor,Armor
"['16', '16']",42,1,,,1,,10,,,,,,,,,,,,,,ActivatePlayer,
"['16', '16']",,1,2,(5),1,,10,,,4,2,1,,,10,59,,,,,,Dodge
"['16', '16']",,1,,,1,,10,,,,,,,,,,,,,,,
"['16', '16']",,1,,,1,,10,,,,,,,,,,,,,,,
"['16', '16']",,1,,,1,,10,,,,,,,,,,,,,,,
"['16', '16']",14,,7,(2),1,,10,,,4,,,1,,,,,,,,Pickup,Pickup
"['16', '16']",14,1,7,(6),1,,10,,,4,,,,,10,61,3,,,,Pickup,Pickup
"['16', '16']",,1,2,(4),1,,10,,,4,2,1,,,10,59,,,,,,Dodge
"['16', '16']",3,1,12,(1),1,,10,,2,4,,,3,,10,59,,,,,Pass,Pass
"['16', '16']",8,1,10,(1),1,,10,,,,,,,,,,,,,,Scatter,Scatter
"['16', '16']",8,1,10,(8),1,,10,,,,,,,,,,,,,,Scatter,Scatter
"['16', '16']",9,1,9,(2),1,,10,,,4,,,1,,,,,,,,Catch,Catch
"['16', '16']",8,1,10,(6),1,,10,,,,,,,,,,,,,,Scatter,Scatter
