"ID","DataConstant","IdRaces","IdPlayerNameTypes","LocaName","LocaDesc","CharacsMovementAllowance","CharacsStrength","CharacsAgility","CharacsArmourValue","Price","MaxQuantity","IsLocked","IdFallbackFor"
"1","Lineman","1","1","PLAYERTYPE_TROISQUART","PLAYERTYPE_TROISQUART_DESC","6","3","3","8","50000","16","0","0"
"2","Catcher","1","3","PLAYERTYPE_RECEVEUR","PLAYERTYPE_RECEVEUR_DESC","8","2","3","8","70000","4","0","0"
"3","Thrower","1","3","PLAYERTYPE_LANCEUR","PLAYERTYPE_LANCEUR_DESC","6","3","3","8","70000","2","0","0"
"4","Blitzer","1","1","PLAYERTYPE_BLITZER","PLAYERTYPE_BLITZER_DESC","7","3","3","8","90000","4","0","0"
"5","Ogre","1","4","PLAYERTYPE_OGRE","PLAYERTYPE_BIGGUY_DESC","5","5","2","9","130000","1","0","0"
"6","Blocker","2","13","PLAYERTYPE_BLOCKER_LONGBEARD","PLAYERTYPE_BLOCKER_DESC","4","3","2","9","70000","16","0","0"
"7","Runner","2","13","PLAYERTYPE_COUREUR","PLAYERTYPE_COUREUR_DESC","6","3","3","8","80000","2","0","0"
"8","Blitzer","2","13","PLAYERTYPE_BLITZER","PLAYERTYPE_BLITZER_DESC","5","3","3","9","80000","2","0","0"
"9","Troll Slayer","2","14","PLAYERTYPE_TROLLSLAYER","PLAYERTYPE_TROLLSLAYER_DESC","5","3","2","8","90000","2","0","0"
"10","Death Roller","2","13","PLAYERTYPE_DEATH_ROLLER","PLAYERTYPE_SECRETWEAPON_DESC","4","7","1","10","160000","1","0","0"
"11","Lineman","7","8","PLAYERTYPE_TROISQUART","PLAYERTYPE_TROISQUART_DESC","7","3","4","7","70000","16","0","0"
"12","Catcher","7","8","PLAYERTYPE_RECEVEUR","PLAYERTYPE_RECEVEUR_DESC","8","2","4","7","90000","4","0","0"
"13","Thrower","7","8","PLAYERTYPE_LANCEUR","PLAYERTYPE_LANCEUR_DESC","7","3","4","7","90000","2","0","0"
"14","Wardancer","7","9","PLAYERTYPE_WARDANCER","PLAYERTYPE_WARDANCER_DESC","8","3","4","7","120000","2","0","0"
"15","Treeman","7","10","PLAYERTYPE_TREEMAN","PLAYERTYPE_BIGGUY_DESC","2","6","1","10","120000","1","0","0"
"16","Lineman","3","19","PLAYERTYPE_TROISQUART","PLAYERTYPE_TROISQUART_DESC","7","3","3","7","50000","16","0","0"
"17","Thrower","3","19","PLAYERTYPE_LANCEUR","PLAYERTYPE_LANCEUR_DESC","7","3","3","7","70000","2","0","0"
"18","Gutter Runner","3","19","PLAYERTYPE_GUTTERRUNNER","PLAYERTYPE_COUREUR_DESC","9","2","4","7","80000","4","0","0"
"19","Blitzer","3","19","PLAYERTYPE_BLITZER_VERMIN","PLAYERTYPE_BLITZER_DESC","7","3","3","8","90000","2","0","0"
"20","Rat Ogre","3","20","PLAYERTYPE_RATOGRE","PLAYERTYPE_BIGGUY_DESC","6","5","2","8","150000","1","0","0"
"21","Lineman","4","15","PLAYERTYPE_TROISQUART","PLAYERTYPE_TROISQUART_DESC","5","3","3","9","50000","16","0","0"
"22","Goblin","4","17","PLAYERTYPE_GOBELIN","PLAYERTYPE_DESC","6","2","3","7","40000","4","0","0"
"23","Thrower","4","15","PLAYERTYPE_LANCEUR","PLAYERTYPE_LANCEUR_DESC","5","3","3","8","70000","2","0","0"
"24","Black Orc Blocker","4","16","PLAYERTYPE_BLACKORC","PLAYERTYPE_BLOCKER_DESC","4","4","2","9","80000","4","0","0"
"25","Blitzer","4","15","PLAYERTYPE_BLITZER","PLAYERTYPE_BLITZER_DESC","6","3","3","9","80000","4","0","0"
"26","Troll","4","18","PLAYERTYPE_TROLL","PLAYERTYPE_BIGGUY_DESC","4","5","1","9","110000","1","0","0"
"27","Skink","5","11","PLAYERTYPE_SKINK","PLAYERTYPE_DESC","8","2","3","7","60000","16","0","0"
"28","Saurus","5","11","PLAYERTYPE_SAURUS","PLAYERTYPE_BLOCKER_DESC","6","4","1","9","80000","6","0","0"
"29","Kroxigor","5","12","PLAYERTYPE_KROXIGOR","PLAYERTYPE_BIGGUY_DESC","6","5","1","9","140000","1","0","0"
"30","Goblin","6","17","PLAYERTYPE_GOBELIN","PLAYERTYPE_DESC","6","2","3","7","40000","16","0","0"
"31","Looney","6","17","PLAYERTYPE_LOONEY","PLAYERTYPE_LOONEY_DESC","6","2","3","7","40000","1","0","0"
"32","Beastman","8","5","PLAYERTYPE_BEASTMAN","PLAYERTYPE_TROISQUART_DESC","6","3","3","8","60000","16","0","0"
"33","Warrior","8","6","PLAYERTYPE_CHAOSWARRIOR","PLAYERTYPE_BLOCKER_DESC","5","4","3","9","100000","4","0","0"
"34","Minotaur","8","7","PLAYERTYPE_MINOTAUR","PLAYERTYPE_BIGGUY_DESC","5","5","2","8","150000","1","0","0"
"36","Grashnak Blackhoof","26","","PLAYER_NAMES_CHAMPION_CHAOS","","6","6","2","8","310000","1","1","0"
"37","Griff Oberwald","26","","PLAYER_NAMES_CHAMPION_HUMAIN","","7","4","4","8","320000","1","1","0"
"38","Grim Ironjaw","26","","PLAYER_NAMES_CHAMPION_NAIN","","5","4","3","8","220000","1","1","0"
"39","Headsplitter","26","","PLAYER_NAMES_CHAMPION_SKAVEN","","6","6","3","8","340000","1","1","0"
"40","Jordel Freshbreeze","26","","PLAYER_NAMES_CHAMPION_ELFE_SYLVAIN","","8","3","5","7","260000","1","1","0"
"41","Ripper","26","","PLAYER_NAMES_CHAMPION_GOBELIN","","4","6","1","9","270000","1","1","0"
"42","Slibli","26","","PLAYER_NAMES_CHAMPION_HOMME_LEZARD","","7","4","1","9","250000","1","1","0"
"43","Varag Ghoul Chewer","26","","PLAYER_NAMES_CHAMPION_ORC","","6","4","3","9","290000","1","1","0"
"44","Troll","6","18","PLAYERTYPE_TROLL","PLAYERTYPE_BIGGUY_DESC","4","5","1","9","110000","2","0","0"
"45","Pogoer","6","17","PLAYERTYPE_POGOER","PLAYERTYPE_POGOER_DESC","7","2","3","7","70000","1","0","0"
"46","Fanatic","6","17","PLAYERTYPE_FANATIC","PLAYERTYPE_FANATIC_DESC","3","7","3","7","70000","1","0","0"
"47","Lineman","9","21","PLAYERTYPE_TROISQUART","PLAYERTYPE_TROISQUART_DESC","6","3","4","8","70000","16","0","0"
"48","Runner","9","21","PLAYERTYPE_COUREUR","PLAYERTYPE_COUREUR_DESC","7","3","4","7","80000","2","0","0"
"49","Assassin","9","22","PLAYERTYPE_ASSASSIN","PLAYERTYPE_ASSASSIN_DESC","6","3","4","7","90000","2","0","0"
"50","Blitzer","9","21","PLAYERTYPE_BLITZER","PLAYERTYPE_BLITZER_DESC","7","3","4","8","100000","4","0","0"
"51","Witch Elf","9","23","PLAYERTYPE_WITCH_ELF","PLAYERTYPE_WITCH_ELF_DESC","7","3","4","7","110000","2","0","0"
"52","Horkon Heartripper","26","","PLAYER_NAMES_CHAMPION_DARK_ELF","","7","3","4","7","210000","1","1","0"
"53","Morg N Thorg","26","","PLAYER_NAMES_CHAMPION_MORGNTHORG","","6","6","3","10","430000","1","1","0"
"54","Skeleton","10","24","PLAYERTYPE_SKELETON","PLAYERTYPE_TROISQUART_DESC","5","3","2","7","40000","16","0","0"
"55","Zombie","10","24","PLAYERTYPE_ZOMBIE","PLAYERTYPE_TROISQUART_DESC","4","3","2","8","40000","16","0","0"
"56","Ghoul","10","25","PLAYERTYPE_GHOUL","PLAYERTYPE_COUREUR_DESC","7","3","3","7","70000","4","0","0"
"57","Wight","10","26","PLAYERTYPE_WIGHT","PLAYERTYPE_BLITZER_DESC","6","3","3","8","90000","2","0","0"
"58","Mummy","10","27","PLAYERTYPE_MUMMY","PLAYERTYPE_BLOCKER_DESC","3","5","1","9","120000","2","0","0"
"59","Count Luthor von Drakenborg","26","","PLAYER_NAMES_CHAMPION_UNDEAD","","6","5","4","9","390000","1","1","0"
"60","Halfling","11","50","PLAYERTYPE_HALFLING","PLAYERTYPE_DESC","5","2","3","6","30000","16","0","0"
"61","Treeman","11","51","PLAYERTYPE_TREEMAN","PLAYERTYPE_BIGGUY_DESC","2","6","1","10","120000","2","0","0"
"62","Lineman","12","38","PLAYERTYPE_TROISQUART","PLAYERTYPE_TROISQUART_DESC","6","3","3","7","50000","16","0","0"
"63","Thrower","12","38","PLAYERTYPE_LANCEUR","PLAYERTYPE_LANCEUR_DESC","6","3","3","7","70000","2","0","0"
"64","Runner","12","38","PLAYERTYPE_COUREUR","PLAYERTYPE_COUREUR_DESC","7","3","3","7","90000","2","0","0"
"65","Berserker","12","39","PLAYERTYPE_BERSERKER","PLAYERTYPE_BLITZER_DESC","6","3","3","7","90000","2","0","0"
"66","Ulfwerener","12","40","PLAYERTYPE_ULFWERENER","PLAYERTYPE_BLOCKER_DESC","6","4","2","8","110000","2","0","0"
"67","Yhetee","12","41","PLAYERTYPE_YHETEE","PLAYERTYPE_BIGGUY_DESC","5","5","1","8","140000","1","0","0"
"68","Linewoman","13","28","PLAYERTYPE_LINEWOMAN","PLAYERTYPE_LINEWOMAN_DESC","6","3","3","7","50000","16","0","0"
"69","Thrower","13","28","PLAYERTYPE_LANCEUSE","PLAYERTYPE_LANCEUSE_DESC","6","3","3","7","70000","2","0","0"
"70","Catcher","13","28","PLAYERTYPE_RECEVEUSE","PLAYERTYPE_RECEVEUSE_DESC","6","3","3","7","70000","2","0","0"
"71","Blitzer","13","28","PLAYERTYPE_BLITZEUSE","PLAYERTYPE_BLITZEUSE_DESC","6","3","3","7","90000","4","0","0"
"72","Lineman","14","29","PLAYERTYPE_TROISQUART","PLAYERTYPE_TROISQUART_DESC","6","3","4","7","60000","16","0","0"
"73","Thrower","14","29","PLAYERTYPE_LANCEUR","PLAYERTYPE_LANCEUR_DESC","6","3","4","7","70000","2","0","0"
"74","Catcher","14","29","PLAYERTYPE_RECEVEUR","PLAYERTYPE_RECEVEUR_DESC","8","3","4","7","100000","4","0","0"
"75","Blitzer","14","29","PLAYERTYPE_BLITZER","PLAYERTYPE_BLITZER_DESC","7","3","4","8","110000","2","0","0"
"77","Lineman","15","30","PLAYERTYPE_TROISQUART","PLAYERTYPE_TROISQUART_DESC","6","3","4","8","70000","16","0","0"
"78","Thrower","15","30","PLAYERTYPE_LANCEUR","PLAYERTYPE_LANCEUR_DESC","6","3","4","8","90000","2","0","0"
"79","Catcher","15","30","PLAYERTYPE_RECEVEUR","PLAYERTYPE_RECEVEUR_DESC","8","3","4","7","90000","4","0","0"
"80","Blitzer","15","30","PLAYERTYPE_BLITZER","PLAYERTYPE_BLITZER_DESC","7","3","4","8","100000","2","0","0"
"81","Skeleton","16","31","PLAYERTYPE_SKELETON","PLAYERTYPE_TROISQUART_DESC","5","3","2","7","40000","16","0","0"
"82","Thro Ra","16","31","PLAYERTYPE_THRORA","PLAYERTYPE_LANCEUR_DESC","6","3","2","7","70000","2","0","0"
"83","Blitz Ra","16","31","PLAYERTYPE_BLITZRA","PLAYERTYPE_BLITZER_DESC","6","3","2","8","90000","2","0","0"
"84","Tomb Guardian","16","32","PLAYERTYPE_TOMBGUARDIAN","PLAYERTYPE_BLOCKER_DESC","4","5","1","9","100000","4","0","0"
"86","Zombie","17","24","PLAYERTYPE_ZOMBIE","PLAYERTYPE_TROISQUART_DESC","4","3","2","8","40000","16","0","0"
"87","Ghoul","17","25","PLAYERTYPE_GHOUL","PLAYERTYPE_COUREUR_DESC","7","3","3","7","70000","2","0","0"
"88","Wight","17","26","PLAYERTYPE_WIGHT","PLAYERTYPE_BLITZER_DESC","6","3","3","8","90000","2","0","0"
"89","Flesh Golem","17","36","PLAYERTYPE_FLESHGOLEM","PLAYERTYPE_BLOCKER_DESC","4","4","2","9","110000","2","0","0"
"90","Werewolf","17","37","PLAYERTYPE_WEREWOLF","PLAYERTYPE_WEREWOLF_DESC","8","3","3","8","120000","2","0","0"
"91","Rotter","18","42","PLAYERTYPE_ROTTER","PLAYERTYPE_TROISQUART_DESC","5","3","3","8","40000","16","0","0"
"92","Pestigor","18","43","PLAYERTYPE_PESTIGOR","PLAYERTYPE_COUREUR_DESC","6","3","3","8","80000","4","0","0"
"93","Nurgle Warrior","18","44","PLAYERTYPE_NURGLEWARRIOR","PLAYERTYPE_BLOCKER_DESC","4","4","2","9","110000","4","0","0"
"94","Beast Of Nurgle","18","45","PLAYERTYPE_BEASTOFNURGLE","PLAYERTYPE_BIGGUY_DESC","4","5","1","9","140000","1","0","0"
"95","Gnoblar","19","46","PLAYERTYPE_GNOBLAR","PLAYERTYPE_DESC","5","1","3","5","20000","16","0","0"
"96","Ogre","19","4","PLAYERTYPE_OGRE","PLAYERTYPE_BIGGUY_DESC","5","5","2","9","140000","6","0","0"
"97","Thrall","20","48","PLAYERTYPE_THRALL","PLAYERTYPE_TROISQUART_DESC","6","3","3","7","40000","16","0","0"
"98","Vampire","20","49","PLAYERTYPE_VAMPIRE","PLAYERTYPE_DESC","6","4","4","8","110000","6","0","0"
"99","Zara The Slayer","26","","PLAYER_NAMES_CHAMPION_ZARATHESLAYER","","6","4","3","8","270000","1","1","0"
"100","Scrappa Sorehead","26","","PLAYER_NAMES_CHAMPION_SCRAPPASOREHEAD","","7","2","3","7","150000","1","1","0"
"101","Eldril Sidewinder","26","","PLAYER_NAMES_CHAMPION_ELDRILSIDEWINDER","","8","3","4","7","200000","1","1","0"
"102","Lord Borak The Despoiler","26","","PLAYER_NAMES_CHAMPION_LORDBORAKTHEDESPOILER","","5","5","3","9","300000","1","1","0"
"103","Deeproot Strongbranch","26","","PLAYER_NAMES_CHAMPION_DEEPROOTSTRONGBRANCH","","2","7","1","10","300000","1","1","0"
"104","Setekh","26","","PLAYER_NAMES_CHAMPION_NEKBREKEREKH","","6","4","2","8","220000","1","1","0"
"105","Ramtut III","26","","PLAYER_NAMES_CHAMPION_RAMTUTIII","","5","6","1","9","380000","1","1","0"
"106","Icepelt Hammerblow","26","","PLAYER_NAMES_CHAMPION_ICEPELTHAMMERBLOW","","5","6","1","8","330000","1","1","0"
"107","Bombardier","6","17","PLAYERTYPE_BOMBARDIER","PLAYERTYPE_BOMBARDIER_DESC","6","2","3","7","40000","1","0","0"
"108","Hobgoblin","21","61","PLAYERTYPE_HOBGOBLIN","PLAYERTYPE_TROISQUART_DESC","6","3","3","7","40000","16","0","0"
"109","Blocker","21","60","PLAYERTYPE_CHAOSDWARFBLOCKER","PLAYERTYPE_BLOCKER_DESC","4","3","2","9","70000","6","0","0"
"110","Bull Centaur","21","62","PLAYERTYPE_BULLCENTAUR","PLAYERTYPE_BLITZER_DESC","6","4","2","9","130000","2","0","0"
"111","Minotaur","21","63","PLAYERTYPE_MINOTAUR","PLAYERTYPE_BIGGUY_DESC","5","5","2","8","150000","1","0","0"
"123","Goblin","22","17","PLAYERTYPE_UNDERWORLDGOBLIN","PLAYERTYPE_DESC","6","2","3","7","40000","12","0","0"
"124","Lineman","22","19","PLAYERTYPE_SKAVENLINEMAN","PLAYERTYPE_TROISQUART_DESC","7","3","3","7","50000","2","0","0"
"125","Thrower","22","19","PLAYERTYPE_SKAVENTHROWER","PLAYERTYPE_LANCEUR_DESC","7","3","3","7","70000","2","0","0"
"126","Blitzer","22","19","PLAYERTYPE_SKAVENBLITZER","PLAYERTYPE_BLITZER_DESC","7","3","3","8","90000","2","0","0"
"127","Troll","22","18","PLAYERTYPE_WARPSTONETROLL","PLAYERTYPE_BIGGUY_DESC","4","5","1","9","110000","1","0","0"
"133","Bomber Dribblesnot","26","","PLAYER_NAMES_CHAMPION_BOMBERDRIBBLESNOT","","6","2","3","7","60000","1","1","0"
"134","Zzharg Madeye","26","","PLAYER_NAMES_CHAMPION_ZZHARGMADEYE","","4","4","3","9","90000","1","1","0"
"135","Mighty Zug","26","","PLAYER_NAMES_CHAMPION_MIGHTYZUG","","4","5","2","9","260000","1","1","0"
"136","J Earlice","26","","PLAYER_NAMES_CHAMPION_JEARLICE","","8","3","3","7","180000","1","1","0"
"137","Hubris Rakarth","26","","PLAYER_NAMES_CHAMPION_HUBRISRAKARTH","","7","4","4","8","260000","1","1","0"
"138","Hakflem Skuttlespike","26","","PLAYER_NAMES_CHAMPION_HAKFLEMSKUTTLESPIKE","","9","3","4","7","200000","1","1","0"
"139","Lineman","24","65","PLAYERTYPE_TROISQUART","PLAYERTYPE_TROISQUART_DESC","6","3","2","7","40000","16","0","0"
"140","Blitzer","24","64","PLAYERTYPE_BLITZER","PLAYERTYPE_BLITZER_DESC","7","3","3","8","110000","4","0","0"
"141","Blocker","24","64","PLAYERTYPE_BLOCKER","PLAYERTYPE_BLOCKER_DESC","6","3","3","8","70000","4","0","0"
"142","Lineman","25","66","PLAYERTYPE_TROISQUART","PLAYERTYPE_TROISQUART_DESC","6","3","3","8","60000","16","0","0"
"143","Catcher","25","66","PLAYERTYPE_RECEVEUR","PLAYERTYPE_RECEVEUR_DESC","7","2","4","7","80000","4","0","0"
"144","Blitzer","25","66","PLAYERTYPE_BLITZER","PLAYERTYPE_BLITZER_DESC","7","3","3","8","110000","4","0","0"
"145","Tame Bear","25","67","PLAYERTYPE_TAMEBEAR","PLAYERTYPE_BIGGUY_DESC","6","5","1","9","140000","1","0","0"
"146","Barik Farblast","26","","PLAYER_NAMES_CHAMPION_BARIK","","6","3","3","8","60000","1","1","0"
"147","Dolfar Longstride","26","","PLAYER_NAMES_CHAMPION_DOLFAR","","7","3","4","7","150000","1","1","0"
"148","Grotty","26","","PLAYER_NAMES_CHAMPION_GROTTY","","6","2","4","7","290000","1","1","0"
"149","Glart Smashrip Jr","26","","PLAYER_NAMES_CHAMPION_GLART","","7","4","3","8","210000","1","1","0"
"150","Prince Moranion","26","","PLAYER_NAMES_CHAMPION_MORANION","","7","4","4","8","230000","1","1","0"
"151","Roxanna Darknail","26","","PLAYER_NAMES_CHAMPION_ROXANNA","","8","3","5","7","250000","1","1","0"
"152","Soaren Hightower","26","","PLAYER_NAMES_CHAMPION_SOAREN","","6","3","4","8","180000","1","1","0"
"154","Fezglitch","26","","PLAYER_NAMES_CHAMPION_FEZGLITCH","","4","7","3","7","100000","1","1","0"
"157","Ithaca Benoin","26","","PLAYER_NAMES_CHAMPION_ITHACA","","7","3","3","7","220000","1","1","0"
"158","Lewdgrip Whiparm","26","","PLAYER_NAMES_CHAMPION_LEWDGRIP","","6","3","3","9","150000","1","1","0"
"160","Max Spleenripper","26","","PLAYER_NAMES_CHAMPION_MAX","","5","4","3","8","130000","1","1","0"
"161","Puggy Baconbreath","26","","PLAYER_NAMES_CHAMPION_PUGGY","","5","3","3","6","140000","1","1","0"
"162","Skitter Stab Stab","26","","PLAYER_NAMES_CHAMPION_SKITTER","","9","2","4","7","160000","1","1","0"
"163","Ugroth Bolgrot","26","","PLAYER_NAMES_CHAMPION_UGROTH","","5","3","3","9","100000","1","1","0"
"164","Brick Farth","26","","PLAYER_NAMES_CHAMPION_BRICK","","5","5","2","9","290000","1","1","0"
"165","Referee","27","","REFEREE","","5","5","2","9","290000","1","1","0"
"214","Grashnak Blackhoof","26","","PLAYER_NAMES_CHAMPION","","6","6","2","8","310000","1","0","36"
"215","Griff Oberwald","26","","PLAYER_NAMES_CHAMPION_HUMAIN","","7","4","4","8","320000","1","0","37"
"216","Grim Ironjaw","26","","PLAYER_NAMES_CHAMPION_NAIN","","5","4","3","8","220000","1","0","38"
"217","Headsplitter","26","","PLAYER_NAMES_CHAMPION","","6","6","3","8","340000","1","0","39"
"218","Jordel Freshbreeze","26","","PLAYER_NAMES_CHAMPION_ELFE_SYLVAIN","","8","3","5","7","260000","1","0","40"
"219","Ripper","26","","PLAYER_NAMES_CHAMPION_GOBELIN","","4","6","1","9","270000","1","0","41"
"220","Slibli","26","","PLAYER_NAMES_CHAMPION_HOMME_LEZARD","","7","4","1","9","250000","1","0","42"
"221","Varag Ghoul Chewer","26","","PLAYER_NAMES_CHAMPION","","6","4","3","9","290000","1","0","43"
"222","Horkon Heartripper","26","","PLAYER_NAMES_CHAMPION_DARK_ELF","","7","3","4","7","210000","1","0","52"
"223","Morg N Thorg","26","","PLAYER_NAMES_CHAMPION_MORGNTHORG","","6","6","3","10","430000","1","0","53"
"224","Count Luthor von Drakenborg","26","","PLAYER_NAMES_CHAMPION","","6","5","4","9","390000","1","0","59"
"225","Zara The Slayer","26","","PLAYER_NAMES_CHAMPION_ZARATHESLAYER","","6","4","3","8","270000","1","0","99"
"226","Scrappa Sorehead","26","","PLAYER_NAMES_CHAMPION_SCRAPPASOREHEAD","","7","2","3","7","150000","1","0","100"
"227","Eldril Sidewinder","26","","PLAYER_NAMES_CHAMPION_ELDRILSIDEWINDER","","8","3","5","7","200000","1","0","101"
"228","LordBorak The Despoiler","26","","PLAYER_NAMES_CHAMPION_LORDBORAKTHEDESPOILER","","5","5","3","9","300000","1","0","102"
"229","Deeproot Strongbranch","26","","PLAYER_NAMES_CHAMPION_DEEPROOTSTRONGBRANCH","","2","7","1","10","300000","1","0","103"
"230","Setekh","26","","PLAYER_NAMES_CHAMPION_NEKBREKEREKH","","6","4","2","8","220000","1","0","104"
"231","Ramtut III","26","","PLAYER_NAMES_CHAMPION_RAMTUTIII","","5","6","1","9","380000","1","0","105"
"232","Icepelt Hammerblow","26","","PLAYER_NAMES_CHAMPION_ICEPELTHAMMERBLOW","","5","6","1","8","330000","1","0","106"
"233","Bomber Dribblesnot","26","","PLAYER_NAMES_CHAMPION_BOMBERDRIBBLESNOT","","6","2","3","7","60000","1","0","133"
"234","Zzharg Madeye","26","","PLAYER_NAMES_CHAMPION_ZZHARGMADEYE","","4","4","3","9","90000","1","0","134"
"235","Mighty Zug","26","","PLAYER_NAMES_CHAMPION_MIGHTYZUG","","4","5","2","9","260000","1","0","135"
"236","J Earlice","26","","PLAYER_NAMES_CHAMPION_JEARLICE","","8","3","3","7","180000","1","0","136"
"237","Hubris Rakarth","26","","PLAYER_NAMES_CHAMPION_HUBRISRAKARTH","","7","4","4","8","260000","1","0","137"
"238","Hakflem Skuttlespike","26","","PLAYER_NAMES_CHAMPION_HAKFLEMSKUTTLESPIKE","","9","3","4","7","200000","1","0","138"
"239","Barik Farblast","26","","PLAYER_NAMES_CHAMPION_BARIK","","6","3","3","8","60000","1","0","146"
"240","Dolfar Longstride","26","","PLAYER_NAMES_CHAMPION_DOLFAR","","7","3","4","7","150000","1","0","147"
"241","Grotty","26","","PLAYER_NAMES_CHAMPION_GROTTY","","6","2","4","7","290000","1","0","148"
"242","Glart Smashrip Jr","26","","PLAYER_NAMES_CHAMPION_GLART","","7","4","3","8","210000","1","0","149"
"243","Prince Moranion","26","","PLAYER_NAMES_CHAMPION_MORANION","","7","4","4","8","230000","1","0","150"
"244","Roxanna Darknail","26","","PLAYER_NAMES_CHAMPION_ROXANNA","","8","3","5","7","250000","1","0","151"
"245","Soaren Hightower","26","","PLAYER_NAMES_CHAMPION_SOAREN","","6","3","4","8","180000","1","0","152"
"247","Fezglitch","26","","PLAYER_NAMES_CHAMPION_FEZGLITCH","","4","7","3","7","100000","1","0","154"
"250","Ithaca Benoin","26","","PLAYER_NAMES_CHAMPION_ITHACA","","7","3","3","7","220000","1","0","157"
"251","Lewdgrip Whiparm","26","","PLAYER_NAMES_CHAMPION_LEWDGRIP","","6","3","3","9","150000","1","0","158"
"252","Max Spleenripper","26","","PLAYER_NAMES_CHAMPION_MAX","","5","4","3","8","130000","1","0","160"
"253","Puggy Baconbreath","26","","PLAYER_NAMES_CHAMPION_PUGGY","","5","3","3","6","140000","1","0","161"
"254","Skitter Stab Stab","26","","PLAYER_NAMES_CHAMPION_SKITTER","","9","2","4","7","160000","1","0","162"
"255","Ugroth Bolgrot","26","","PLAYER_NAMES_CHAMPION_UGROTH","","5","3","3","9","100000","1","0","163"
"256","Brick Farth","26","","PLAYER_NAMES_CHAMPION_BRICK","","5","5","2","9","290000","1","0","164"
"260","Bob","27","","BOB","","5","6","3","10","430000","1","0","0"
"261","Cheerleader Orc","27","","BB_CHEERLEADER_ORC","","5","6","3","10","430000","1","0","0"
"262","Cabalcopter","27","","CABALCOPTER","","5","6","3","10","430000","1","0","0"
"263","Assistant","27","","ASSISTANT","","5","6","3","10","430000","1","0","0"
"264","Jim Cabal","27","","JIMCABAL","","5","6","3","10","10000","1","0","0"
"265","Bob Cabal","27","","BOBCABAL","","5","6","3","10","10000","1","0","0"
"266","Public","27","","PUBLIC","","5","6","3","10","10000","1","0","0"
"267","Goblin Cabal","27","","GOBLINCABAL","","5","6","3","10","10000","1","0","0"
"275","Hemlock","26","","PLAYER_NAMES_CHAMPION_HEMLOCK","","8","2","3","7","170000","1","1","0"
"276","Hemlock","26","","PLAYER_NAMES_CHAMPION_HEMLOCK","","8","2","3","7","170000","1","0","275"
"277","Wilhelm Chaney","26","","PLAYER_NAMES_CHAMPION_WILHELM","","8","4","3","8","240000","1","1","0"
"278","Wilhelm Chaney","26","","PLAYER_NAMES_CHAMPION_WILHELM","","8","4","3","8","240000","1","0","277"
"279","Willow Rosebark","26","","PLAYER_NAMES_CHAMPION_WILLOW","","5","4","3","8","150000","1","1","0"
"280","Willow Rosebark","26","","PLAYER_NAMES_CHAMPION_WILLOW","","5","4","3","8","150000","1","0","279"
"281","Lottabottol","26","","PLAYER_NAMES_CHAMPION_LOTTABOTTOL","","8","3","3","8","220000","1","1","0"
"282","Lottabottol","26","","PLAYER_NAMES_CHAMPION_LOTTABOTTOL","","8","3","3","8","220000","1","0","281"
"283","Quetzal Leap","26","","PLAYER_NAMES_CHAMPION_QUETZAL","","8","2","4","7","250000","1","1","0"
"284","Quetzal Leap","26","","PLAYER_NAMES_CHAMPION_QUETZAL","","8","2","4","7","250000","1","0","283"
"289","Cheerleaders Human","27","","CHEERLEADER","","5","6","3","10","430000","1","0","0"
"290","Cheerleader Human","27","","BB_CHEERLEADER_HUMAN","","5","6","3","10","430000","1","0","0"
"291","Cheerleader Dwarf","27","","BB_CHEERLEADER_DWARF","","5","6","3","10","430000","1","0","0"
"293","Bertha Bigfist","26","","PLAYER_NAMES_CHAMPION_BERTHA","","6","5","2","9","290000","1","1","0"
"294","Bertha Bigfist","26","","PLAYER_NAMES_CHAMPION_BERTHA","","6","5","2","9","290000","1","0","293"
"295","Rashnak Backstabber","26","","PLAYER_NAMES_CHAMPION_RASHNAK","","7","3","3","7","200000","1","1","0"
"296","Rashnak Backstabber","26","","PLAYER_NAMES_CHAMPION_RASHNAK","","7","3","3","7","200000","1","0","295"
"299","Hthark The Unstoppable","26","","PLAYER_NAMES_CHAMPION_HTHARK","","6","5","2","9","330000","1","0","300"
"300","Hthark The Unstoppable","26","","PLAYER_NAMES_CHAMPION_HTHARK","","6","5","2","9","330000","1","1","0"
"301","Crazy Igor","26","","PLAYER_NAMES_CHAMPION_IGOR","","6","3","3","8","120000","1","1","0"
"302","Crazy Igor","26","","PLAYER_NAMES_CHAMPION_IGOR","","6","3","3","8","120000","1","0","301"
"303","Fungus The Loon","26","","PLAYER_NAMES_CHAMPION_FUNGUS","","4","7","3","7","80000","1","1","0"
"304","Fungus The Loon","26","","PLAYER_NAMES_CHAMPION_FUNGUS","","4","7","3","7","80000","1","0","303"
"305","Nobbla Blackwart","26","","PLAYER_NAMES_CHAMPION_NOBBLA","","6","2","3","7","130000","1","1","0"
"306","Nobbla Blackwart","26","","PLAYER_NAMES_CHAMPION_NOBBLA","","6","2","3","7","130000","1","0","305"
"307","Humerus Carpal","26","","PLAYER_NAMES_CHAMPION_HUMERUS","","7","2","3","7","130000","1","1","0"
"308","Humerus Carpal","26","","PLAYER_NAMES_CHAMPION_HUMERUS","","7","2","3","7","130000","1","0","307"
"309","Boomer Eziasson","26","","PLAYER_NAMES_CHAMPION_BOOMER","","4","3","2","9","60000","1","1","0"
"310","Boomer Eziasson","26","","PLAYER_NAMES_CHAMPION_BOOMER","","4","3","2","9","60000","1","0","309"
"313","Flint Churnblade","26","","PLAYER_NAMES_CHAMPION_FLINT","","5","3","2","8","130000","1","1","0"
"314","Flint Churnblade","26","","PLAYER_NAMES_CHAMPION_FLINT","","5","3","2","8","130000","1","0","313"
"315","Hack Enslash","26","","PLAYER_NAMES_CHAMPION_HACK","","6","3","2","7","120000","1","1","0"
"316","Hack Enslash","26","","PLAYER_NAMES_CHAMPION_HACK","","6","3","2","7","120000","1","0","315"
"317","Helmut Wulf","26","","PLAYER_NAMES_CHAMPION_HELMUT","","6","3","3","8","110000","1","1","0"
"318","Helmut Wulf","26","","PLAYER_NAMES_CHAMPION_HELMUT","","6","3","3","8","110000","1","0","317"
"319","Sinnedbad","26","","PLAYER_NAMES_CHAMPION_SINNEDBAD","","6","3","2","7","80000","1","1","0"
"320","Sinnedbad","26","","PLAYER_NAMES_CHAMPION_SINNEDBAD","","6","3","2","7","80000","1","0","319"
"323","Lineman","32","30","PLAYERTYPE_TROISQUART","PLAYERTYPE_TROISQUART_DESC","6","3","4","8","70000","16","0","0"
"324","Blitzer","32","30","PLAYERTYPE_BLITZER","PLAYERTYPE_BLITZER_DESC","7","3","4","8","100000","2","0","0"
"325","Thrower","32","30","PLAYERTYPE_LANCEUR","PLAYERTYPE_LANCEUR_DESC","6","3","4","8","90000","2","0","0"
"326","Catcher","32","30","PLAYERTYPE_RECEVEUR","PLAYERTYPE_RECEVEUR_DESC","8","3","4","7","90000","4","0","0"
"327","Thrall","32","48","PLAYERTYPE_THRALL","PLAYERTYPE_TROISQUART_DESC","6","3","3","7","40000","16","0","0"
"328","Vampire","32","49","PLAYERTYPE_VAMPIRE","PLAYERTYPE_DESC","6","4","4","8","110000","6","0","0"
"329","Hobgoblin","32","61","PLAYERTYPE_HOBGOBLIN","PLAYERTYPE_TROISQUART_DESC","6","3","3","7","40000","16","0","0"
"330","Blocker","32","60","PLAYERTYPE_CHAOSDWARFBLOCKER","PLAYERTYPE_BLOCKER_DESC","4","3","2","9","70000","6","0","0"
"331","Bull Centaur","32","62","PLAYERTYPE_BULLCENTAUR","PLAYERTYPE_BLITZER_DESC","6","4","2","9","130000","2","0","0"
"332","Minotaur","32","63","PLAYERTYPE_MINOTAUR","PLAYERTYPE_BIGGUY_DESC","5","5","2","8","150000","1","0","0"
"333","Lineman","32","65","PLAYERTYPE_TROISQUART","PLAYERTYPE_TROISQUART_DESC","6","3","2","7","40000","16","0","0"
"334","Blocker","32","64","PLAYERTYPE_BLOCKER","PLAYERTYPE_BLOCKER_DESC","6","3","3","8","70000","4","0","0"
"335","Blitzer","32","64","PLAYERTYPE_BLITZER","PLAYERTYPE_BLITZER_DESC","7","3","3","8","110000","4","0","0"
"336","Beastman","33","5","PLAYERTYPE_BEASTMAN","PLAYERTYPE_TROISQUART_DESC","6","3","3","8","60000","16","0","0"
"337","Warrior","33","6","PLAYERTYPE_CHAOSWARRIOR","PLAYERTYPE_BLOCKER_DESC","5","4","3","9","100000","4","0","0"
"338","Minotaur","33","7","PLAYERTYPE_MINOTAUR","PLAYERTYPE_BIGGUY_DESC","5","5","2","8","150000","1","0","0"
"339","Lineman","33","19","PLAYERTYPE_TROISQUART","PLAYERTYPE_TROISQUART_DESC","7","3","3","7","50000","16","0","0"
"340","Thrower","33","19","PLAYERTYPE_LANCEUR","PLAYERTYPE_LANCEUR_DESC","7","3","3","7","70000","2","0","0"
"341","Gutter Runner","33","19","PLAYERTYPE_GUTTERRUNNER","PLAYERTYPE_COUREUR_DESC","9","2","4","7","80000","4","0","0"
"342","Blitzer","33","19","PLAYERTYPE_BLITZER_VERMIN","PLAYERTYPE_BLITZER_DESC","7","3","3","8","90000","2","0","0"
"343","Rat Ogre","33","20","PLAYERTYPE_RATOGRE","PLAYERTYPE_BIGGUY_DESC","6","5","2","8","150000","1","0","0"
"344","Blitzer","33","21","PLAYERTYPE_BLITZER","PLAYERTYPE_BLITZER_DESC","7","3","4","8","100000","4","0","0"
"345","Lineman","33","21","PLAYERTYPE_TROISQUART","PLAYERTYPE_TROISQUART_DESC","6","3","4","8","70000","16","0","0"
"346","Assassin","33","22","PLAYERTYPE_ASSASSIN","PLAYERTYPE_ASSASSIN_DESC","6","3","4","7","90000","2","0","0"
"347","Runner","33","21","PLAYERTYPE_COUREUR","PLAYERTYPE_COUREUR_DESC","7","3","4","7","80000","2","0","0"
"348","Witch Elf","33","23","PLAYERTYPE_WITCH_ELF","PLAYERTYPE_WITCH_ELF_DESC","7","3","4","7","110000","2","0","0"
"355","Beastman","34","5","PLAYERTYPE_BEASTMAN","PLAYERTYPE_TROISQUART_DESC","6","3","3","8","60000","16","0","0"
"356","Warrior","34","6","PLAYERTYPE_CHAOSWARRIOR","PLAYERTYPE_BLOCKER_DESC","5","4","3","9","100000","4","0","0"
"357","Minotaur","34","7","PLAYERTYPE_MINOTAUR","PLAYERTYPE_BIGGUY_DESC","5","5","2","8","150000","1","0","0"
"358","Rotter","34","42","PLAYERTYPE_ROTTER","PLAYERTYPE_TROISQUART_DESC","5","3","3","8","40000","16","0","0"
"359","Pestigor","34","43","PLAYERTYPE_PESTIGOR","PLAYERTYPE_COUREUR_DESC","6","3","3","8","80000","4","0","0"
"360","Nurgle Warrior","34","44","PLAYERTYPE_NURGLEWARRIOR","PLAYERTYPE_BLOCKER_DESC","4","4","2","9","110000","4","0","0"
"361","Beast Of Nurgle","34","45","PLAYERTYPE_BEASTOFNURGLE","PLAYERTYPE_BIGGUY_DESC","4","5","1","9","140000","1","0","0"
"362","Hobgoblin","35","61","PLAYERTYPE_HOBGOBLIN","PLAYERTYPE_TROISQUART_DESC","6","3","3","7","40000","16","0","0"
"363","Blocker","35","60","PLAYERTYPE_CHAOSDWARFBLOCKER","PLAYERTYPE_BLOCKER_DESC","4","3","2","9","70000","6","0","0"
"364","Bull Centaur","35","62","PLAYERTYPE_BULLCENTAUR","PLAYERTYPE_BLITZER_DESC","6","4","2","9","130000","2","0","0"
"365","Minotaur","35","63","PLAYERTYPE_MINOTAUR","PLAYERTYPE_BIGGUY_DESC","5","5","2","8","150000","1","0","0"
"366","Lineman","35","15","PLAYERTYPE_TROISQUART","PLAYERTYPE_TROISQUART_DESC","5","3","3","9","50000","16","0","0"
"367","Blitzer","35","15","PLAYERTYPE_BLITZER","PLAYERTYPE_BLITZER_DESC","6","3","3","9","80000","4","0","0"
"368","Thrower","35","15","PLAYERTYPE_LANCEUR","PLAYERTYPE_LANCEUR_DESC","5","3","3","8","70000","2","0","0"
"369","Goblin","35","17","PLAYERTYPE_GOBELIN","PLAYERTYPE_DESC","6","2","3","7","40000","4","0","0"
"370","Black Orc Blocker","35","16","PLAYERTYPE_BLACKORC","PLAYERTYPE_BLOCKER_DESC","4","4","2","9","80000","4","0","0"
"371","Troll","35","18","PLAYERTYPE_TROLL","PLAYERTYPE_BIGGUY_DESC","4","5","1","9","110000","1","0","0"
"372","Goblin","35","17","PLAYERTYPE_GOBELIN","PLAYERTYPE_DESC","6","2","3","7","40000","16","0","0"
"373","Looney","35","17","PLAYERTYPE_LOONEY","PLAYERTYPE_LOONEY_DESC","6","2","3","7","40000","1","0","0"
"374","Pogoer","35","17","PLAYERTYPE_POGOER","PLAYERTYPE_POGOER_DESC","7","2","3","7","70000","1","0","0"
"375","Bombardier","35","17","PLAYERTYPE_BOMBARDIER","PLAYERTYPE_BOMBARDIER_DESC","6","2","3","7","40000","1","0","0"
"376","Fanatic","35","17","PLAYERTYPE_FANATIC","PLAYERTYPE_FANATIC_DESC","3","7","3","7","70000","1","0","0"
"377","Troll","35","18","PLAYERTYPE_TROLL","PLAYERTYPE_BIGGUY_DESC","4","5","1","9","110000","2","0","0"
"378","Lineman","35","19","PLAYERTYPE_TROISQUART","PLAYERTYPE_TROISQUART_DESC","7","3","3","7","50000","16","0","0"
"379","Blitzer","35","19","PLAYERTYPE_BLITZER_VERMIN","PLAYERTYPE_BLITZER_DESC","7","3","3","8","90000","2","0","0"
"380","Thrower","35","19","PLAYERTYPE_LANCEUR","PLAYERTYPE_LANCEUR_DESC","7","3","3","7","70000","2","0","0"
"381","Gutter Runner","35","19","PLAYERTYPE_GUTTERRUNNER","PLAYERTYPE_COUREUR_DESC","9","2","4","7","80000","4","0","0"
"382","Rat Ogre","35","20","PLAYERTYPE_RATOGRE","PLAYERTYPE_BIGGUY_DESC","6","5","2","8","150000","1","0","0"
"387","Lineman","36","30","PLAYERTYPE_TROISQUART","PLAYERTYPE_TROISQUART_DESC","6","3","4","8","70000","16","0","0"
"388","Blitzer","36","30","PLAYERTYPE_BLITZER","PLAYERTYPE_BLITZER_DESC","7","3","4","8","100000","2","0","0"
"389","Catcher","36","30","PLAYERTYPE_RECEVEUR","PLAYERTYPE_RECEVEUR_DESC","8","3","4","7","90000","4","0","0"
"390","Thrower","36","30","PLAYERTYPE_LANCEUR","PLAYERTYPE_LANCEUR_DESC","6","3","4","8","90000","2","0","0"
"391","Lineman","36","21","PLAYERTYPE_TROISQUART","PLAYERTYPE_TROISQUART_DESC","6","3","4","8","70000","16","0","0"
"392","Runner","36","21","PLAYERTYPE_COUREUR","PLAYERTYPE_COUREUR_DESC","7","3","4","7","80000","2","0","0"
"393","Blitzer","36","21","PLAYERTYPE_BLITZER","PLAYERTYPE_BLITZER_DESC","7","3","4","8","100000","4","0","0"
"394","Assassin","36","22","PLAYERTYPE_ASSASSIN","PLAYERTYPE_ASSASSIN_DESC","6","3","4","7","90000","2","0","0"
"395","Witch Elf","36","23","PLAYERTYPE_WITCH_ELF","PLAYERTYPE_WITCH_ELF_DESC","7","3","4","7","110000","2","0","0"
"396","Lineman","36","8","PLAYERTYPE_TROISQUART","PLAYERTYPE_TROISQUART_DESC","7","3","4","7","70000","16","0","0"
"397","Catcher","36","8","PLAYERTYPE_RECEVEUR","PLAYERTYPE_RECEVEUR_DESC","8","2","4","7","90000","4","0","0"
"398","Thrower","36","8","PLAYERTYPE_LANCEUR","PLAYERTYPE_LANCEUR_DESC","7","3","4","7","90000","2","0","0"
"399","Wardancer","36","9","PLAYERTYPE_WARDANCER","PLAYERTYPE_WARDANCER_DESC","8","3","4","7","120000","2","0","0"
"400","Treeman","36","10","PLAYERTYPE_TREEMAN","PLAYERTYPE_BIGGUY_DESC","2","6","1","10","120000","1","0","0"
"401","Lineman","37","66","PLAYERTYPE_TROISQUART","PLAYERTYPE_TROISQUART_DESC","6","3","3","8","60000","16","0","0"
"402","Blitzer","37","66","PLAYERTYPE_BLITZER","PLAYERTYPE_BLITZER_DESC","7","3","3","8","110000","4","0","0"
"403","Catcher","37","66","PLAYERTYPE_RECEVEUR","PLAYERTYPE_RECEVEUR_DESC","7","2","4","7","80000","4","0","0"
"404","Tame Bear","37","67","PLAYERTYPE_TAMEBEAR","PLAYERTYPE_BIGGUY_DESC","6","5","1","9","140000","1","0","0"
"405","Lineman","37","38","PLAYERTYPE_TROISQUART","PLAYERTYPE_TROISQUART_DESC","6","3","3","7","50000","16","0","0"
"406","Thrower","37","38","PLAYERTYPE_LANCEUR","PLAYERTYPE_LANCEUR_DESC","6","3","3","7","70000","2","0","0"
"407","Runner","37","38","PLAYERTYPE_COUREUR","PLAYERTYPE_COUREUR_DESC","7","3","3","7","90000","2","0","0"
"408","Berserker","37","39","PLAYERTYPE_BERSERKER","PLAYERTYPE_BLITZER_DESC","6","3","3","7","90000","2","0","0"
"409","Ulfwerener","37","40","PLAYERTYPE_ULFWERENER","PLAYERTYPE_BLOCKER_DESC","6","4","2","8","110000","2","0","0"
"410","Yhetee","37","41","PLAYERTYPE_YHETEE","PLAYERTYPE_BIGGUY_DESC","5","5","1","8","140000","1","0","0"
"411","Linewoman","37","28","PLAYERTYPE_LINEWOMAN","PLAYERTYPE_LINEWOMAN_DESC","6","3","3","7","50000","16","0","0"
"412","Thrower","37","28","PLAYERTYPE_LANCEUSE","PLAYERTYPE_LANCEUSE_DESC","6","3","3","7","70000","2","0","0"
"413","Catcher","37","28","PLAYERTYPE_RECEVEUSE","PLAYERTYPE_RECEVEUSE_DESC","6","3","3","7","70000","2","0","0"
"414","Blitzer","37","28","PLAYERTYPE_BLITZEUSE","PLAYERTYPE_BLITZEUSE_DESC","6","3","3","7","90000","4","0","0"
"415","Skink","37","11","PLAYERTYPE_SKINK","PLAYERTYPE_DESC","8","2","3","7","60000","16","0","0"
"416","Saurus","37","11","PLAYERTYPE_SAURUS","PLAYERTYPE_BLOCKER_DESC","6","4","1","9","80000","6","0","0"
"417","Kroxigor","37","12","PLAYERTYPE_KROXIGOR","PLAYERTYPE_BIGGUY_DESC","6","5","1","9","140000","1","0","0"
"418","Blocker","38","64","PLAYERTYPE_BLOCKER","PLAYERTYPE_BLOCKER_DESC","6","3","3","8","70000","4","0","0"
"419","Blitzer","38","64","PLAYERTYPE_BLITZER","PLAYERTYPE_BLITZER_DESC","7","3","3","8","110000","4","0","0"
"420","Lineman","38","65","PLAYERTYPE_TROISQUART","PLAYERTYPE_TROISQUART_DESC","6","3","2","7","40000","16","0","0"
"421","Blitzer","38","1","PLAYERTYPE_BLITZER","PLAYERTYPE_BLITZER_DESC","7","3","3","8","90000","4","0","0"
"422","Lineman","38","1","PLAYERTYPE_TROISQUART","PLAYERTYPE_TROISQUART_DESC","6","3","3","8","50000","16","0","0"
"423","Catcher","38","3","PLAYERTYPE_RECEVEUR","PLAYERTYPE_RECEVEUR_DESC","8","2","3","8","70000","4","0","0"
"424","Thrower","38","3","PLAYERTYPE_LANCEUR","PLAYERTYPE_LANCEUR_DESC","6","3","3","8","70000","2","0","0"
"425","Ogre","38","4","PLAYERTYPE_OGRE","PLAYERTYPE_BIGGUY_DESC","5","5","2","9","130000","1","0","0"
"426","Blocker","38","13","PLAYERTYPE_BLOCKER_LONGBEARD","PLAYERTYPE_BLOCKER_DESC","4","3","2","9","70000","16","0","0"
"427","Blitzer","38","13","PLAYERTYPE_BLITZER","PLAYERTYPE_BLITZER_DESC","5","3","3","9","80000","2","0","0"
"428","Troll Slayer","38","14","PLAYERTYPE_TROLLSLAYER","PLAYERTYPE_TROLLSLAYER_DESC","5","3","2","8","90000","2","0","0"
"429","Runner","38","13","PLAYERTYPE_COUREUR","PLAYERTYPE_COUREUR_DESC","6","3","3","8","80000","2","0","0"
"430","Death Roller","38","13","PLAYERTYPE_DEATH_ROLLER","PLAYERTYPE_SECRETWEAPON_DESC","4","7","1","10","160000","1","0","0"
"431","Halfling","38","50","PLAYERTYPE_HALFLING","PLAYERTYPE_DESC","5","2","3","6","30000","16","0","0"
"432","Treeman","38","51","PLAYERTYPE_TREEMAN","PLAYERTYPE_BIGGUY_DESC","2","6","1","10","120000","2","0","0"
"433","Lineman","38","8","PLAYERTYPE_TROISQUART","PLAYERTYPE_TROISQUART_DESC","7","3","4","7","70000","16","0","0"
"434","Catcher","38","8","PLAYERTYPE_RECEVEUR","PLAYERTYPE_RECEVEUR_DESC","8","2","4","7","90000","4","0","0"
"435","Thrower","38","8","PLAYERTYPE_LANCEUR","PLAYERTYPE_LANCEUR_DESC","7","3","4","7","90000","2","0","0"
"436","Wardancer","38","9","PLAYERTYPE_WARDANCER","PLAYERTYPE_WARDANCER_DESC","8","3","4","7","120000","2","0","0"
"437","Treeman","38","10","PLAYERTYPE_TREEMAN","PLAYERTYPE_BIGGUY_DESC","2","6","1","10","120000","1","0","0"
"438","Lineman","39","1","PLAYERTYPE_TROISQUART","PLAYERTYPE_TROISQUART_DESC","6","3","3","8","50000","16","0","0"
"439","Blitzer","39","1","PLAYERTYPE_BLITZER","PLAYERTYPE_BLITZER_DESC","7","3","3","8","90000","4","0","0"
"440","Catcher","39","3","PLAYERTYPE_RECEVEUR","PLAYERTYPE_RECEVEUR_DESC","8","2","3","8","70000","4","0","0"
"441","Thrower","39","3","PLAYERTYPE_LANCEUR","PLAYERTYPE_LANCEUR_DESC","6","3","3","8","70000","2","0","0"
"442","Ogre","39","4","PLAYERTYPE_OGRE","PLAYERTYPE_BIGGUY_DESC","5","5","2","9","130000","1","0","0"
"443","Lineman","39","65","PLAYERTYPE_TROISQUART","PLAYERTYPE_TROISQUART_DESC","6","3","2","7","40000","16","0","0"
"444","Blocker","39","64","PLAYERTYPE_BLOCKER","PLAYERTYPE_BLOCKER_DESC","6","3","3","8","70000","4","0","0"
"445","Blitzer","39","64","PLAYERTYPE_BLITZER","PLAYERTYPE_BLITZER_DESC","7","3","3","8","110000","4","0","0"
"446","Lineman","39","66","PLAYERTYPE_TROISQUART","PLAYERTYPE_TROISQUART_DESC","6","3","3","8","60000","16","0","0"
"447","Blitzer","39","66","PLAYERTYPE_BLITZER","PLAYERTYPE_BLITZER_DESC","7","3","3","8","110000","4","0","0"
"448","Catcher","39","66","PLAYERTYPE_RECEVEUR","PLAYERTYPE_RECEVEUR_DESC","7","2","4","7","80000","4","0","0"
"449","Tame Bear","39","67","PLAYERTYPE_TAMEBEAR","PLAYERTYPE_BIGGUY_DESC","6","5","1","9","140000","1","0","0"
"450","Lineman","39","38","PLAYERTYPE_TROISQUART","PLAYERTYPE_TROISQUART_DESC","6","3","3","7","50000","16","0","0"
"451","Runner","39","38","PLAYERTYPE_COUREUR","PLAYERTYPE_COUREUR_DESC","7","3","3","7","90000","2","0","0"
"452","Thrower","39","38","PLAYERTYPE_LANCEUR","PLAYERTYPE_LANCEUR_DESC","6","3","3","7","70000","2","0","0"
"453","Berserker","39","39","PLAYERTYPE_BERSERKER","PLAYERTYPE_BLITZER_DESC","6","3","3","7","90000","2","0","0"
"454","Ulfwerener","39","40","PLAYERTYPE_ULFWERENER","PLAYERTYPE_BLOCKER_DESC","6","4","2","8","110000","2","0","0"
"455","Yhetee","39","41","PLAYERTYPE_YHETEE","PLAYERTYPE_BIGGUY_DESC","5","5","1","8","140000","1","0","0"
"456","Linewoman","39","28","PLAYERTYPE_LINEWOMAN","PLAYERTYPE_LINEWOMAN_DESC","6","3","3","7","50000","16","0","0"
"457","Thrower","39","28","PLAYERTYPE_LANCEUSE","PLAYERTYPE_LANCEUSE_DESC","6","3","3","7","70000","2","0","0"
"458","Catcher","39","28","PLAYERTYPE_RECEVEUSE","PLAYERTYPE_RECEVEUSE_DESC","6","3","3","7","70000","2","0","0"
"459","Blitzer","39","28","PLAYERTYPE_BLITZEUSE","PLAYERTYPE_BLITZEUSE_DESC","6","3","3","7","90000","4","0","0"
"460","Lineman","40","15","PLAYERTYPE_TROISQUART","PLAYERTYPE_TROISQUART_DESC","5","3","3","9","50000","16","0","0"
"461","Blitzer","40","15","PLAYERTYPE_BLITZER","PLAYERTYPE_BLITZER_DESC","6","3","3","9","80000","4","0","0"
"462","Thrower","40","15","PLAYERTYPE_LANCEUR","PLAYERTYPE_LANCEUR_DESC","5","3","3","8","70000","2","0","0"
"463","Goblin","40","17","PLAYERTYPE_GOBELIN","PLAYERTYPE_DESC","6","2","3","7","40000","4","0","0"
"464","Black Orc Blocker","40","16","PLAYERTYPE_BLACKORC","PLAYERTYPE_BLOCKER_DESC","4","4","2","9","80000","4","0","0"
"465","Troll","40","18","PLAYERTYPE_TROLL","PLAYERTYPE_BIGGUY_DESC","4","5","1","9","110000","1","0","0"
"466","Goblin","40","17","PLAYERTYPE_GOBELIN","PLAYERTYPE_DESC","6","2","3","7","40000","16","0","0"
"467","Looney","40","17","PLAYERTYPE_LOONEY","PLAYERTYPE_LOONEY_DESC","6","2","3","7","40000","1","0","0"
"468","Pogoer","40","17","PLAYERTYPE_POGOER","PLAYERTYPE_POGOER_DESC","7","2","3","7","70000","1","0","0"
"469","Bombardier","40","17","PLAYERTYPE_BOMBARDIER","PLAYERTYPE_BOMBARDIER_DESC","6","2","3","7","40000","1","0","0"
"470","Fanatic","40","17","PLAYERTYPE_FANATIC","PLAYERTYPE_FANATIC_DESC","3","7","3","7","70000","1","0","0"
"471","Troll","40","18","PLAYERTYPE_TROLL","PLAYERTYPE_BIGGUY_DESC","4","5","1","9","110000","2","0","0"
"472","Skink","40","11","PLAYERTYPE_SKINK","PLAYERTYPE_DESC","8","2","3","7","60000","16","0","0"
"473","Saurus","40","11","PLAYERTYPE_SAURUS","PLAYERTYPE_BLOCKER_DESC","6","4","1","9","80000","6","0","0"
"474","Kroxigor","40","12","PLAYERTYPE_KROXIGOR","PLAYERTYPE_BIGGUY_DESC","6","5","1","9","140000","1","0","0"
"475","Ogre","40","4","PLAYERTYPE_OGRE","PLAYERTYPE_BIGGUY_DESC","5","5","2","9","140000","6","0","0"
"476","Gnoblar","40","46","PLAYERTYPE_GNOBLAR","PLAYERTYPE_DESC","5","1","3","5","20000","16","0","0"
"477","Ogre","41","4","PLAYERTYPE_OGRE","PLAYERTYPE_BIGGUY_DESC","5","5","2","9","140000","6","0","0"
"478","Gnoblar","41","46","PLAYERTYPE_GNOBLAR","PLAYERTYPE_DESC","5","1","3","5","20000","16","0","0"
"479","Goblin","41","17","PLAYERTYPE_GOBELIN","PLAYERTYPE_DESC","6","2","3","7","40000","16","0","0"
"480","Bombardier","41","17","PLAYERTYPE_BOMBARDIER","PLAYERTYPE_BOMBARDIER_DESC","6","2","3","7","40000","1","0","0"
"481","Looney","41","17","PLAYERTYPE_LOONEY","PLAYERTYPE_LOONEY_DESC","6","2","3","7","40000","1","0","0"
"482","Pogoer","41","17","PLAYERTYPE_POGOER","PLAYERTYPE_POGOER_DESC","7","2","3","7","70000","1","0","0"
"483","Fanatic","41","17","PLAYERTYPE_FANATIC","PLAYERTYPE_FANATIC_DESC","3","7","3","7","70000","1","0","0"
"484","Troll","41","18","PLAYERTYPE_TROLL","PLAYERTYPE_BIGGUY_DESC","4","5","1","9","110000","2","0","0"
"485","Halfling","41","50","PLAYERTYPE_HALFLING","PLAYERTYPE_DESC","5","2","3","6","30000","16","0","0"
"486","Treeman","41","51","PLAYERTYPE_TREEMAN","PLAYERTYPE_BIGGUY_DESC","2","6","1","10","120000","2","0","0"
"492","Skeleton","42","24","PLAYERTYPE_SKELETON","PLAYERTYPE_TROISQUART_DESC","5","3","2","7","40000","16","0","0"
"493","Zombie","42","24","PLAYERTYPE_ZOMBIE","PLAYERTYPE_TROISQUART_DESC","4","3","2","8","40000","16","0","0"
"494","Ghoul","42","25","PLAYERTYPE_GHOUL","PLAYERTYPE_COUREUR_DESC","7","3","3","7","70000","4","0","0"
"495","Wight","42","26","PLAYERTYPE_WIGHT","PLAYERTYPE_BLITZER_DESC","6","3","3","8","90000","2","0","0"
"496","Mummy","42","27","PLAYERTYPE_MUMMY","PLAYERTYPE_BLOCKER_DESC","3","5","1","9","120000","2","0","0"
"497","Werewolf","42","37","PLAYERTYPE_WEREWOLF","PLAYERTYPE_WEREWOLF_DESC","8","3","3","8","120000","2","0","0"
"498","Flesh Golem","42","36","PLAYERTYPE_FLESHGOLEM","PLAYERTYPE_BLOCKER_DESC","4","4","2","9","110000","2","0","0"
"499","Skeleton","42","31","PLAYERTYPE_SKELETON","PLAYERTYPE_TROISQUART_DESC","5","3","2","7","40000","16","0","0"
"500","Thro Ra","42","31","PLAYERTYPE_THRORA","PLAYERTYPE_LANCEUR_DESC","6","3","2","7","70000","2","0","0"
"501","Blitz Ra","42","31","PLAYERTYPE_BLITZRA","PLAYERTYPE_BLITZER_DESC","6","3","2","8","90000","2","0","0"
"502","Tomb Guardian","42","32","PLAYERTYPE_TOMBGUARDIAN","PLAYERTYPE_BLOCKER_DESC","4","5","1","9","100000","4","0","0"
"503","Thrall","42","48","PLAYERTYPE_THRALL","PLAYERTYPE_TROISQUART_DESC","6","3","3","7","40000","16","0","0"
"504","Vampire","42","49","PLAYERTYPE_VAMPIRE","PLAYERTYPE_DESC","6","4","4","8","110000","6","0","0"
"617","Barik Farblast","30","","PLAYER_NAMES_CHAMPION_BARIK","","6","3","3","8","60000","1","1","0"
"618","Barik Farblast","30","","PLAYER_NAMES_CHAMPION_BARIK","","6","3","3","8","60000","1","0","146"
"619","Bertha Bigfist","30","","PLAYER_NAMES_CHAMPION_BERTHA","","6","5","2","9","290000","1","1","0"
"620","Bertha Bigfist","30","","PLAYER_NAMES_CHAMPION_BERTHA","","6","5","2","9","290000","1","0","293"
"621","Bomber Dribblesnot","30","","PLAYER_NAMES_CHAMPION_BOMBERDRIBBLESNOT","","6","2","3","7","60000","1","1","0"
"622","Bomber Dribblesnot","30","","PLAYER_NAMES_CHAMPION_BOMBERDRIBBLESNOT","","6","2","3","7","60000","1","0","133"
"623","Boomer Eziasson","30","","PLAYER_NAMES_CHAMPION_BOOMER","","4","3","2","9","60000","1","1","0"
"624","Boomer Eziasson","30","","PLAYER_NAMES_CHAMPION_BOOMER","","4","3","2","9","60000","1","0","309"
"625","Brick Farth","30","","PLAYER_NAMES_CHAMPION_BRICK","","5","5","2","9","290000","1","1","0"
"626","Brick Farth","30","","PLAYER_NAMES_CHAMPION_BRICK","","5","5","2","9","290000","1","0","164"
"627","Count Luthorvon Drakenborg","30","","PLAYER_NAMES_CHAMPION_UNDEAD","","6","5","4","9","390000","1","1","0"
"628","Count Luthorvon Drakenborg","30","","PLAYER_NAMES_CHAMPION","","6","5","4","9","390000","1","0","59"
"629","Crazy Igor","30","","PLAYER_NAMES_CHAMPION_IGOR","","6","3","3","8","120000","1","1","0"
"630","Crazy Igor","30","","PLAYER_NAMES_CHAMPION_IGOR","","6","3","3","8","120000","1","0","301"
"631","Deeproot Strongbranch","30","","PLAYER_NAMES_CHAMPION_DEEPROOTSTRONGBRANCH","","2","7","1","10","300000","1","1","0"
"632","Deeproot Strongbranch","30","","PLAYER_NAMES_CHAMPION_DEEPROOTSTRONGBRANCH","","2","7","1","10","300000","1","0","103"
"633","Dolfar Longstride","30","","PLAYER_NAMES_CHAMPION_DOLFAR","","7","3","4","7","150000","1","1","0"
"634","Dolfar Longstride","30","","PLAYER_NAMES_CHAMPION_DOLFAR","","7","3","4","7","150000","1","0","147"
"635","Eldril Sidewinder","30","","PLAYER_NAMES_CHAMPION_ELDRILSIDEWINDER","","8","3","4","7","200000","1","1","0"
"636","Eldril Sidewinder","30","","PLAYER_NAMES_CHAMPION_ELDRILSIDEWINDER","","8","3","5","7","200000","1","0","101"
"637","Fezglitch","30","","PLAYER_NAMES_CHAMPION_FEZGLITCH","","4","7","3","7","100000","1","1","0"
"638","Fezglitch","30","","PLAYER_NAMES_CHAMPION_FEZGLITCH","","4","7","3","7","100000","1","0","154"
"639","Flint Churnblade","30","","PLAYER_NAMES_CHAMPION_FLINT","","5","3","2","8","130000","1","1","0"
"640","Flint Churnblade","30","","PLAYER_NAMES_CHAMPION_FLINT","","5","3","2","8","130000","1","0","313"
"641","Fungus The Loon","30","","PLAYER_NAMES_CHAMPION_FUNGUS","","4","7","3","7","80000","1","1","0"
"642","Fungus The Loon","30","","PLAYER_NAMES_CHAMPION_FUNGUS","","4","7","3","7","80000","1","0","303"
"643","Glart Smashrip Jr","30","","PLAYER_NAMES_CHAMPION_GLART","","7","4","3","8","210000","1","1","0"
"644","Glart Smashrip Jr","30","","PLAYER_NAMES_CHAMPION_GLART","","7","4","3","8","210000","1","0","149"
"645","Grashnak Blackhoof","30","","PLAYER_NAMES_CHAMPION_CHAOS","","6","6","2","8","310000","1","1","0"
"646","Grashnak Blackhoof","30","","PLAYER_NAMES_CHAMPION","","6","6","2","8","310000","1","0","36"
"647","Griff Oberwald","30","","PLAYER_NAMES_CHAMPION_HUMAIN","","7","4","4","8","320000","1","1","0"
"648","Griff Oberwald","30","","PLAYER_NAMES_CHAMPION_HUMAIN","","7","4","4","8","320000","1","0","37"
"649","Grim Ironjaw","30","","PLAYER_NAMES_CHAMPION_NAIN","","5","4","3","8","220000","1","1","0"
"650","Grim Ironjaw","30","","PLAYER_NAMES_CHAMPION_NAIN","","5","4","3","8","220000","1","0","38"
"651","Grotty","30","","PLAYER_NAMES_CHAMPION_GROTTY","","6","2","4","7","290000","1","1","0"
"652","Grotty","30","","PLAYER_NAMES_CHAMPION_GROTTY","","6","2","4","7","290000","1","0","148"
"653","Hack Enslash","30","","PLAYER_NAMES_CHAMPION_HACK","","6","3","2","7","120000","1","1","0"
"654","Hack Enslash","30","","PLAYER_NAMES_CHAMPION_HACK","","6","3","2","7","120000","1","0","315"
"655","Hakflem Skuttlespike","30","","PLAYER_NAMES_CHAMPION_HAKFLEMSKUTTLESPIKE","","9","3","4","7","200000","1","1","0"
"656","Hakflem Skuttlespike","30","","PLAYER_NAMES_CHAMPION_HAKFLEMSKUTTLESPIKE","","9","3","4","7","200000","1","0","138"
"657","Headsplitter","30","","PLAYER_NAMES_CHAMPION_SKAVEN","","6","6","3","8","340000","1","1","0"
"658","Headsplitter","30","","PLAYER_NAMES_CHAMPION","","6","6","3","8","340000","1","0","39"
"659","Helmut Wulf","30","","PLAYER_NAMES_CHAMPION_HELMUT","","6","3","3","8","110000","1","1","0"
"660","Helmut Wulf","30","","PLAYER_NAMES_CHAMPION_HELMUT","","6","3","3","8","110000","1","0","317"
"661","Hemlock","30","","PLAYER_NAMES_CHAMPION_HEMLOCK","","8","2","3","7","170000","1","1","0"
"662","Hemlock","30","","PLAYER_NAMES_CHAMPION_HEMLOCK","","8","2","3","7","170000","1","0","275"
"663","Horkon Heartripper","30","","PLAYER_NAMES_CHAMPION_DARK_ELF","","7","3","4","7","210000","1","1","0"
"664","Horkon Heartripper","30","","PLAYER_NAMES_CHAMPION_DARK_ELF","","7","3","4","7","210000","1","0","52"
"665","Hthark The Unstoppable","30","","PLAYER_NAMES_CHAMPION_HTHARK","","6","5","2","9","330000","1","1","0"
"666","Hthark The Unstoppable","30","","PLAYER_NAMES_CHAMPION_HTHARK","","6","5","2","9","330000","1","0","300"
"667","Hubris Rakarth","30","","PLAYER_NAMES_CHAMPION_HUBRISRAKARTH","","7","4","4","8","260000","1","1","0"
"668","Hubris Rakarth","30","","PLAYER_NAMES_CHAMPION_HUBRISRAKARTH","","7","4","4","8","260000","1","0","137"
"669","Humerus Carpal","30","","PLAYER_NAMES_CHAMPION_HUMERUS","","7","2","3","7","130000","1","1","0"
"670","Humerus Carpal","30","","PLAYER_NAMES_CHAMPION_HUMERUS","","7","2","3","7","130000","1","0","307"
"671","Icepelt Hammerblow","30","","PLAYER_NAMES_CHAMPION_ICEPELTHAMMERBLOW","","5","6","1","8","330000","1","1","0"
"672","Icepelt Hammerblow","30","","PLAYER_NAMES_CHAMPION_ICEPELTHAMMERBLOW","","5","6","1","8","330000","1","0","106"
"673","Ithaca Benoin","30","","PLAYER_NAMES_CHAMPION_ITHACA","","7","3","3","7","220000","1","1","0"
"674","Ithaca Benoin","30","","PLAYER_NAMES_CHAMPION_ITHACA","","7","3","3","7","220000","1","0","157"
"675","J Earlice","30","","PLAYER_NAMES_CHAMPION_JEARLICE","","8","3","3","7","180000","1","1","0"
"676","J Earlice","30","","PLAYER_NAMES_CHAMPION_JEARLICE","","8","3","3","7","180000","1","0","136"
"677","Jordel Freshbreeze","30","","PLAYER_NAMES_CHAMPION_ELFE_SYLVAIN","","8","3","5","7","260000","1","1","0"
"678","Jordel Freshbreeze","30","","PLAYER_NAMES_CHAMPION_ELFE_SYLVAIN","","8","3","5","7","260000","1","0","40"
"679","Lewdgrip Whiparm","30","","PLAYER_NAMES_CHAMPION_LEWDGRIP","","6","3","3","9","150000","1","1","0"
"680","Lewdgrip Whiparm","30","","PLAYER_NAMES_CHAMPION_LEWDGRIP","","6","3","3","9","150000","1","0","158"
"681","Lottabottol","30","","PLAYER_NAMES_CHAMPION_LOTTABOTTOL","","8","3","3","8","220000","1","1","0"
"682","Lottabottol","30","","PLAYER_NAMES_CHAMPION_LOTTABOTTOL","","8","3","3","8","220000","1","0","281"
"683","Lord Borak The Despoiler","30","","PLAYER_NAMES_CHAMPION_LORDBORAKTHEDESPOILER","","5","5","3","9","300000","1","1","0"
"684","Lord Borak The Despoiler","30","","PLAYER_NAMES_CHAMPION_LORDBORAKTHEDESPOILER","","5","5","3","9","300000","1","0","102"
"685","Max Spleenripper","30","","PLAYER_NAMES_CHAMPION_MAX","","5","4","3","8","130000","1","1","0"
"686","Max Spleenripper","30","","PLAYER_NAMES_CHAMPION_MAX","","5","4","3","8","130000","1","0","160"
"687","Mighty Zug","30","","PLAYER_NAMES_CHAMPION_MIGHTYZUG","","4","5","2","9","260000","1","1","0"
"688","Mighty Zug","30","","PLAYER_NAMES_CHAMPION_MIGHTYZUG","","4","5","2","9","260000","1","0","135"
"689","Morg N Thorg","30","","PLAYER_NAMES_CHAMPION_MORGNTHORG","","6","6","3","10","430000","1","1","0"
"690","Morg N Thorg","30","","PLAYER_NAMES_CHAMPION_MORGNTHORG","","6","6","3","10","430000","1","0","53"
"691","Prince Moranion","30","","PLAYER_NAMES_CHAMPION_MORANION","","7","4","4","8","230000","1","1","0"
"692","Prince Moranion","30","","PLAYER_NAMES_CHAMPION_MORANION","","7","4","4","8","230000","1","0","150"
"693","Nobbla Blackwart","30","","PLAYER_NAMES_CHAMPION_NOBBLA","","6","2","3","7","130000","1","1","0"
"694","Nobbla Blackwart","30","","PLAYER_NAMES_CHAMPION_NOBBLA","","6","2","3","7","130000","1","0","305"
"695","Puggy Baconbreath","30","","PLAYER_NAMES_CHAMPION_PUGGY","","5","3","3","6","140000","1","1","0"
"696","Puggy Baconbreath","30","","PLAYER_NAMES_CHAMPION_PUGGY","","5","3","3","6","140000","1","0","161"
"697","Quetzal Leap","30","","PLAYER_NAMES_CHAMPION_QUETZAL","","8","2","4","7","250000","1","1","0"
"698","Quetzal Leap","30","","PLAYER_NAMES_CHAMPION_QUETZAL","","8","2","4","7","250000","1","0","283"
"699","Ramtut III","30","","PLAYER_NAMES_CHAMPION_RAMTUTIII","","5","6","1","9","380000","1","1","0"
"700","Ramtut III","30","","PLAYER_NAMES_CHAMPION_RAMTUTIII","","5","6","1","9","380000","1","0","105"
"701","Rashnak Backstabber","30","","PLAYER_NAMES_CHAMPION_RASHNAK","","7","3","3","7","200000","1","1","0"
"702","Rashnak Backstabber","30","","PLAYER_NAMES_CHAMPION_RASHNAK","","7","3","3","7","200000","1","0","295"
"703","Ripper","30","","PLAYER_NAMES_CHAMPION_GOBELIN","","4","6","1","9","270000","1","1","0"
"704","Ripper","30","","PLAYER_NAMES_CHAMPION_GOBELIN","","4","6","1","9","270000","1","0","41"
"705","Roxanna Darknail","30","","PLAYER_NAMES_CHAMPION_ROXANNA","","8","3","5","7","250000","1","1","0"
"706","Roxanna Darknail","30","","PLAYER_NAMES_CHAMPION_ROXANNA","","8","3","5","7","250000","1","0","151"
"707","Scrappa Sorehead","30","","PLAYER_NAMES_CHAMPION_SCRAPPASOREHEAD","","7","2","3","7","150000","1","1","0"
"708","Scrappa Sorehead","30","","PLAYER_NAMES_CHAMPION_SCRAPPASOREHEAD","","7","2","3","7","150000","1","0","100"
"709","Setekh","30","","PLAYER_NAMES_CHAMPION_NEKBREKEREKH","","6","4","2","8","220000","1","1","0"
"710","Setekh","30","","PLAYER_NAMES_CHAMPION_NEKBREKEREKH","","6","4","2","8","220000","1","0","104"
"711","Sinnedbad","30","","PLAYER_NAMES_CHAMPION_SINNEDBAD","","6","3","2","7","80000","1","1","0"
"712","Sinnedbad","30","","PLAYER_NAMES_CHAMPION_SINNEDBAD","","6","3","2","7","80000","1","0","319"
"713","Skitter StabStab","30","","PLAYER_NAMES_CHAMPION_SKITTER","","9","2","4","7","160000","1","1","0"
"714","Skitter StabStab","30","","PLAYER_NAMES_CHAMPION_SKITTER","","9","2","4","7","160000","1","0","162"
"715","Slibli","30","","PLAYER_NAMES_CHAMPION_HOMME_LEZARD","","7","4","1","9","250000","1","1","0"
"716","Slibli","30","","PLAYER_NAMES_CHAMPION_HOMME_LEZARD","","7","4","1","9","250000","1","0","42"
"717","Soaren Hightower","30","","PLAYER_NAMES_CHAMPION_SOAREN","","6","3","4","8","180000","1","1","0"
"718","Soaren Hightower","30","","PLAYER_NAMES_CHAMPION_SOAREN","","6","3","4","8","180000","1","0","152"
"719","Ugroth Bolgrot","30","","PLAYER_NAMES_CHAMPION_UGROTH","","5","3","3","9","100000","1","1","0"
"720","Ugroth Bolgrot","30","","PLAYER_NAMES_CHAMPION_UGROTH","","5","3","3","9","100000","1","0","163"
"721","Varag Ghoul Chewer","30","","PLAYER_NAMES_CHAMPION_ORC","","6","4","3","9","290000","1","1","0"
"722","Varag Ghoul Chewer","30","","PLAYER_NAMES_CHAMPION","","6","4","3","9","290000","1","0","43"
"723","Willow Rosebark","30","","PLAYER_NAMES_CHAMPION_WILLOW","","5","4","3","8","150000","1","1","0"
"724","Willow Rosebark","30","","PLAYER_NAMES_CHAMPION_WILLOW","","5","4","3","8","150000","1","0","279"
"725","Wilhelm Chaney","30","","PLAYER_NAMES_CHAMPION_WILHELM","","8","4","3","8","240000","1","1","0"
"726","Wilhelm Chaney","30","","PLAYER_NAMES_CHAMPION_WILHELM","","8","4","3","8","240000","1","0","277"
"727","Zara The Slayer","30","","PLAYER_NAMES_CHAMPION_ZARATHESLAYER","","6","4","3","8","270000","1","1","0"
"728","Zara The Slayer","30","","PLAYER_NAMES_CHAMPION_ZARATHESLAYER","","6","4","3","8","270000","1","0","99"
"729","Zzharg Madeye","30","","PLAYER_NAMES_CHAMPION_ZZHARGMADEYE","","4","4","3","9","90000","1","1","0"
"730","Zzharg Madeye","30","","PLAYER_NAMES_CHAMPION_ZZHARGMADEYE","","4","4","3","9","90000","1","0","134"
"732","Goblin","33","17","PLAYERTYPE_UNDERWORLDGOBLIN","PLAYERTYPE_DESC","6","2","3","7","40000","12","0","0"
"733","Lineman","33","19","PLAYERTYPE_SKAVENLINEMAN","PLAYERTYPE_TROISQUART_DESC","7","3","3","7","50000","2","0","0"
"734","Thrower","33","19","PLAYERTYPE_SKAVENTHROWER","PLAYERTYPE_LANCEUR_DESC","7","3","3","7","70000","2","0","0"
"735","Blitzer","33","19","PLAYERTYPE_SKAVENBLITZER","PLAYERTYPE_BLITZER_DESC","7","3","3","8","90000","2","0","0"
"736","Troll","33","18","PLAYERTYPE_WARPSTONETROLL","PLAYERTYPE_BIGGUY_DESC","4","5","1","9","110000","1","0","0"
"737","Gnoblar","35","46","PLAYERTYPE_GNOBLAR","PLAYERTYPE_DESC","5","1","3","5","20000","16","0","0"
"738","Ogre","35","47","PLAYERTYPE_OGRE","PLAYERTYPE_BIGGUY_DESC","5","5","2","9","140000","6","0","0"
"739","Lineman","36","29","PLAYERTYPE_TROISQUART","PLAYERTYPE_TROISQUART_DESC","6","3","4","7","60000","16","0","0"
"740","Blitzer","36","29","PLAYERTYPE_BLITZER","PLAYERTYPE_BLITZER_DESC","7","3","4","8","110000","2","0","0"
"741","Thrower","36","29","PLAYERTYPE_LANCEUR","PLAYERTYPE_LANCEUR_DESC","6","3","4","7","70000","2","0","0"
"742","Lineman","30","","PLAYERTYPE_TROISQUART","","6","3","3","8","200000","16","0","0"
"743","Catcher","30","","PLAYERTYPE_RECEVEUR","","6","3","3","8","200000","2","0","0"
"744","Thrower","30","","PLAYERTYPE_LANCEUR","","6","3","3","8","200000","2","0","0"
"745","Runner","30","","PLAYERTYPE_COUREUR","","6","3","3","8","200000","2","0","0"
"746","Blocker","30","","PLAYERTYPE_BLOCKER","","6","3","3","8","200000","2","0","0"
"747","Blitzer","30","","PLAYERTYPE_BLITZER","","6","3","3","8","200000","2","0","0"
"748","Big Guy","30","","PLAYERTYPE_BIGGUY_TITLE","","6","3","3","8","200000","2","0","0"
"749","Catcher","36","29","PLAYERTYPE_RECEVEUR","PLAYERTYPE_RECEVEUR_DESC","8","3","4","7","100000","4","0","0"
