"ID","IdRace","French","FrenchPart","English","EnglishPart","Italian","ItalianPart","German","GermanPart","Russian","RussianPart","Spanish","SpanishPart","Czech","CzechPart","Hungarian","HungarianPart","Polish","PolishPart"
"1","1","","1","GUI_TEAM_NAME_HUMAN_PART1_1","1","","1","","1","","1","","1","","1","","1","","1"
"2","1","","1","GUI_TEAM_NAME_HUMAN_PART1_2","1","","1","","1","","1","","1","","1","","1","","1"
"3","1","","1","GUI_TEAM_NAME_HUMAN_PART1_3","1","","1","","1","","1","","1","","1","","1","","1"
"4","1","","1","GUI_TEAM_NAME_HUMAN_PART1_4","1","","1","","1","","1","","1","","1","","1","","1"
"5","1","","1","GUI_TEAM_NAME_HUMAN_PART1_5","1","","1","","1","","1","","1","","1","","1","","1"
"6","1","","1","GUI_TEAM_NAME_HUMAN_PART1_6","1","","1","","1","","1","","1","","1","","1","","1"
"7","1","","1","GUI_TEAM_NAME_HUMAN_PART1_7","1","","1","","1","","1","","1","","1","","1","","1"
"8","1","","1","GUI_TEAM_NAME_HUMAN_PART1_8","1","","1","","1","","1","","1","","1","","1","","1"
"9","1","","2","GUI_TEAM_NAME_HUMAN_PART2_1","2","","2","","2","","2","","2","","2","","2","","2"
"10","1","","2","GUI_TEAM_NAME_HUMAN_PART2_2","2","","2","","2","","2","","2","","2","","2","","2"
"11","1","","2","GUI_TEAM_NAME_HUMAN_PART2_3","2","","2","","2","","2","","2","","2","","2","","2"
"12","1","","2","GUI_TEAM_NAME_HUMAN_PART2_4","2","","2","","2","","2","","2","","2","","2","","2"
"13","1","","2","GUI_TEAM_NAME_HUMAN_PART2_5","2","","2","","2","","2","","2","","2","","2","","2"
"14","1","","2","GUI_TEAM_NAME_HUMAN_PART2_6","2","","2","","2","","2","","2","","2","","2","","2"
"15","1","","2","GUI_TEAM_NAME_HUMAN_PART2_7","2","","2","","2","","2","","2","","2","","2","","2"
"16","1","","2","GUI_TEAM_NAME_HUMAN_PART2_8","2","","2","","2","","2","","2","","2","","2","","2"
"17","4","","1","GUI_TEAM_NAME_ORC_PART1_1","1","","1","","1","","1","","1","","1","","1","","1"
"18","4","","1","GUI_TEAM_NAME_ORC_PART1_2","1","","1","","1","","1","","1","","1","","1","","1"
"19","4","","1","GUI_TEAM_NAME_ORC_PART1_3","1","","1","","1","","1","","1","","1","","1","","1"
"20","4","","1","GUI_TEAM_NAME_ORC_PART1_4","1","","1","","1","","1","","1","","1","","1","","1"
"21","4","","1","GUI_TEAM_NAME_ORC_PART1_5","1","","1","","1","","1","","1","","1","","1","","1"
"22","4","","1","GUI_TEAM_NAME_ORC_PART1_6","1","","1","","1","","1","","1","","1","","1","","1"
"23","4","","1","GUI_TEAM_NAME_ORC_PART1_7","1","","1","","1","","1","","1","","1","","1","","1"
"24","4","","1","GUI_TEAM_NAME_ORC_PART1_8","1","","1","","1","","1","","1","","1","","1","","1"
"25","4","","1","GUI_TEAM_NAME_ORC_PART1_9","1","","1","","1","","1","","1","","1","","1","","1"
"26","4","","1","GUI_TEAM_NAME_ORC_PART1_10","1","","1","","1","","1","","1","","1","","1","","1"
"27","4","","2","GUI_TEAM_NAME_ORC_PART2_1","2","","2","","2","","2","","2","","2","","2","","2"
"28","4","","2","GUI_TEAM_NAME_ORC_PART2_2","2","","2","","2","","2","","2","","2","","2","","2"
"29","4","","2","GUI_TEAM_NAME_ORC_PART2_3","2","","2","","2","","2","","2","","2","","2","","2"
"30","4","","2","GUI_TEAM_NAME_ORC_PART2_4","2","","2","","2","","2","","2","","2","","2","","2"
"31","4","","2","GUI_TEAM_NAME_ORC_PART2_5","2","","2","","2","","2","","2","","2","","2","","2"
"32","4","","2","GUI_TEAM_NAME_ORC_PART2_6","2","","2","","2","","2","","2","","2","","2","","2"
"33","4","","2","GUI_TEAM_NAME_ORC_PART2_7","2","","2","","2","","2","","2","","2","","2","","2"
"34","4","","2","GUI_TEAM_NAME_ORC_PART2_8","2","","2","","2","","2","","2","","2","","2","","2"
"35","4","","2","GUI_TEAM_NAME_ORC_PART2_9","2","","2","","2","","2","","2","","2","","2","","2"
"36","15","","1","GUI_TEAM_NAME_HIGHELF_PART1_1","1","","1","","1","","1","","1","","1","","1","","1"
"37","15","","1","GUI_TEAM_NAME_HIGHELF_PART1_2","1","","1","","1","","1","","1","","1","","1","","1"
"38","15","","1","GUI_TEAM_NAME_HIGHELF_PART1_3","1","","1","","1","","1","","1","","1","","1","","1"
"39","15","","1","GUI_TEAM_NAME_HIGHELF_PART1_4","1","","1","","1","","1","","1","","1","","1","","1"
"40","15","","1","GUI_TEAM_NAME_HIGHELF_PART1_5","1","","1","","1","","1","","1","","1","","1","","1"
"41","15","","1","GUI_TEAM_NAME_HIGHELF_PART1_6","1","","1","","1","","1","","1","","1","","1","","1"
"42","15","","1","GUI_TEAM_NAME_HIGHELF_PART1_7","1","","1","","1","","1","","1","","1","","1","","1"
"43","15","","1","GUI_TEAM_NAME_HIGHELF_PART1_8","1","","1","","1","","1","","1","","1","","1","","1"
"44","15","","2","GUI_TEAM_NAME_HIGHELF_PART2_1","2","","2","","2","","2","","2","","2","","2","","2"
"45","15","","2","GUI_TEAM_NAME_HIGHELF_PART2_2","2","","2","","2","","2","","2","","2","","2","","2"
"46","15","","2","GUI_TEAM_NAME_HIGHELF_PART2_3","2","","2","","2","","2","","2","","2","","2","","2"
"47","15","","2","GUI_TEAM_NAME_HIGHELF_PART2_4","2","","2","","2","","2","","2","","2","","2","","2"
"48","15","","2","GUI_TEAM_NAME_HIGHELF_PART2_5","2","","2","","2","","2","","2","","2","","2","","2"
"49","15","","2","GUI_TEAM_NAME_HIGHELF_PART2_6","2","","2","","2","","2","","2","","2","","2","","2"
"50","15","","2","GUI_TEAM_NAME_HIGHELF_PART2_7","2","","2","","2","","2","","2","","2","","2","","2"
"51","15","","2","GUI_TEAM_NAME_HIGHELF_PART2_8","2","","2","","2","","2","","2","","2","","2","","2"
"52","9","","1","GUI_TEAM_NAME_DARKELF_PART1_1","1","","1","","1","","1","","1","","1","","1","","1"
"53","9","","1","GUI_TEAM_NAME_DARKELF_PART1_2","1","","1","","1","","1","","1","","1","","1","","1"
"54","9","","1","GUI_TEAM_NAME_DARKELF_PART1_3","1","","1","","1","","1","","1","","1","","1","","1"
"55","9","","1","GUI_TEAM_NAME_DARKELF_PART1_4","1","","1","","1","","1","","1","","1","","1","","1"
"56","9","","1","GUI_TEAM_NAME_DARKELF_PART1_5","1","","1","","1","","1","","1","","1","","1","","1"
"57","9","","1","GUI_TEAM_NAME_DARKELF_PART1_6","1","","1","","1","","1","","1","","1","","1","","1"
"58","9","","1","GUI_TEAM_NAME_DARKELF_PART1_7","1","","1","","1","","1","","1","","1","","1","","1"
"59","9","","1","GUI_TEAM_NAME_DARKELF_PART1_8","1","","1","","1","","1","","1","","1","","1","","1"
"60","9","","1","GUI_TEAM_NAME_DARKELF_PART1_9","1","","1","","1","","1","","1","","1","","1","","1"
"75","9","","2","GUI_TEAM_NAME_DARKELF_PART2_8","2","","2","","2","","2","","2","","2","","2","","2"
"76","9","","2","GUI_TEAM_NAME_DARKELF_PART2_7","2","","2","","2","","2","","2","","2","","2","","2"
"77","9","","2","GUI_TEAM_NAME_DARKELF_PART2_6","2","","2","","2","","2","","2","","2","","2","","2"
"78","9","","2","GUI_TEAM_NAME_DARKELF_PART2_5","2","","2","","2","","2","","2","","2","","2","","2"
"79","9","","2","GUI_TEAM_NAME_DARKELF_PART2_4","2","","2","","2","","2","","2","","2","","2","","2"
"80","9","","2","GUI_TEAM_NAME_DARKELF_PART2_3","2","","2","","2","","2","","2","","2","","2","","2"
"81","9","","2","GUI_TEAM_NAME_DARKELF_PART2_2","2","","2","","2","","2","","2","","2","","2","","2"
"82","9","","2","GUI_TEAM_NAME_DARKELF_PART2_1","2","","2","","2","","2","","2","","2","","2","","2"
"83","9","","1","GUI_TEAM_NAME_DARKELF_PART1_15","1","","1","","1","","1","","1","","1","","1","","1"
"84","9","","1","GUI_TEAM_NAME_DARKELF_PART1_14","1","","1","","1","","1","","1","","1","","1","","1"
"85","9","","1","GUI_TEAM_NAME_DARKELF_PART1_13","1","","1","","1","","1","","1","","1","","1","","1"
"86","9","","1","GUI_TEAM_NAME_DARKELF_PART1_12","1","","1","","1","","1","","1","","1","","1","","1"
"87","9","","1","GUI_TEAM_NAME_DARKELF_PART1_11","1","","1","","1","","1","","1","","1","","1","","1"
"88","9","","1","GUI_TEAM_NAME_DARKELF_PART1_10","1","","1","","1","","1","","1","","1","","1","","1"
"89","3","","1","GUI_TEAM_NAME_SKAVEN_PART1_1","1","","1","","1","","1","","1","","1","","1","","1"
"90","3","","1","GUI_TEAM_NAME_SKAVEN_PART1_2","1","","1","","1","","1","","1","","1","","1","","1"
"91","3","","2","GUI_TEAM_NAME_SKAVEN_PART2_1","2","","2","","2","","2","","2","","2","","2","","2"
"92","3","","2","GUI_TEAM_NAME_SKAVEN_PART2_2","2","","2","","2","","2","","2","","2","","2","","2"
"93","3","","2","GUI_TEAM_NAME_SKAVEN_PART2_3","2","","2","","2","","2","","2","","2","","2","","2"
"94","3","","2","GUI_TEAM_NAME_SKAVEN_PART2_4","2","","2","","2","","2","","2","","2","","2","","2"
"95","3","","2","GUI_TEAM_NAME_SKAVEN_PART2_5","2","","2","","2","","2","","2","","2","","2","","2"
"96","3","","2","GUI_TEAM_NAME_SKAVEN_PART2_6","2","","2","","2","","2","","2","","2","","2","","2"
"97","3","","2","GUI_TEAM_NAME_SKAVEN_PART2_7","2","","2","","2","","2","","2","","2","","2","","2"
"98","3","","2","GUI_TEAM_NAME_SKAVEN_PART2_8","2","","2","","2","","2","","2","","2","","2","","2"
"99","3","","2","GUI_TEAM_NAME_SKAVEN_PART2_9","2","","2","","2","","2","","2","","2","","2","","2"
"100","2","","1","GUI_TEAM_NAME_DWARF_PART1_1","1","","1","","1","","1","","1","","1","","1","","1"
"101","2","","1","GUI_TEAM_NAME_DWARF_PART1_2","1","","1","","1","","1","","1","","1","","1","","1"
"102","2","","1","GUI_TEAM_NAME_DWARF_PART1_3","1","","1","","1","","1","","1","","1","","1","","1"
"103","2","","1","GUI_TEAM_NAME_DWARF_PART1_4","1","","1","","1","","1","","1","","1","","1","","1"
"104","2","","1","GUI_TEAM_NAME_DWARF_PART1_5","1","","1","","1","","1","","1","","1","","1","","1"
"105","2","","1","GUI_TEAM_NAME_DWARF_PART1_6","1","","1","","1","","1","","1","","1","","1","","1"
"106","2","","1","GUI_TEAM_NAME_DWARF_PART1_7","1","","1","","1","","1","","1","","1","","1","","1"
"107","2","","1","GUI_TEAM_NAME_DWARF_PART1_8","1","","1","","1","","1","","1","","1","","1","","1"
"108","2","","2","GUI_TEAM_NAME_DWARF_PART2_1","2","","2","","2","","2","","2","","2","","2","","2"
"109","2","","2","GUI_TEAM_NAME_DWARF_PART2_2","2","","2","","2","","2","","2","","2","","2","","2"
"110","2","","2","GUI_TEAM_NAME_DWARF_PART2_3","2","","2","","2","","2","","2","","2","","2","","2"
"111","2","","2","GUI_TEAM_NAME_DWARF_PART2_4","2","","2","","2","","2","","2","","2","","2","","2"
"112","2","","2","GUI_TEAM_NAME_DWARF_PART2_5","2","","2","","2","","2","","2","","2","","2","","2"
"113","2","","2","GUI_TEAM_NAME_DWARF_PART2_6","2","","2","","2","","2","","2","","2","","2","","2"
"114","2","","2","GUI_TEAM_NAME_DWARF_PART2_7","2","","2","","2","","2","","2","","2","","2","","2"
"115","2","","2","GUI_TEAM_NAME_DWARF_PART2_8","2","","2","","2","","2","","2","","2","","2","","2"
"116","24","","1","GUI_TEAM_NAME_BRETONNIA_PART1_1","1","","1","","1","","1","","1","","1","","1","","1"
"117","24","","1","GUI_TEAM_NAME_BRETONNIA_PART1_2","1","","1","","1","","1","","1","","1","","1","","1"
"118","24","","1","GUI_TEAM_NAME_BRETONNIA_PART1_3","1","","1","","1","","1","","1","","1","","1","","1"
"119","24","","1","GUI_TEAM_NAME_BRETONNIA_PART1_4","1","","1","","1","","1","","1","","1","","1","","1"
"120","24","","1","GUI_TEAM_NAME_BRETONNIA_PART1_5","1","","1","","1","","1","","1","","1","","1","","1"
"121","24","","1","GUI_TEAM_NAME_BRETONNIA_PART1_6","1","","1","","1","","1","","1","","1","","1","","1"
"122","24","","1","GUI_TEAM_NAME_BRETONNIA_PART1_7","1","","1","","1","","1","","1","","1","","1","","1"
"123","24","","1","GUI_TEAM_NAME_BRETONNIA_PART1_8","1","","1","","1","","1","","1","","1","","1","","1"
"124","24","","1","GUI_TEAM_NAME_BRETONNIA_PART1_9","1","","1","","1","","1","","1","","1","","1","","1"
"125","24","","2","GUI_TEAM_NAME_BRETONNIA_PART2_1","2","","2","","2","","2","","2","","2","","2","","2"
"126","24","","2","GUI_TEAM_NAME_BRETONNIA_PART2_2","2","","2","","2","","2","","2","","2","","2","","2"
"127","24","","2","GUI_TEAM_NAME_BRETONNIA_PART2_3","2","","2","","2","","2","","2","","2","","2","","2"
"128","24","","2","GUI_TEAM_NAME_BRETONNIA_PART2_4","2","","2","","2","","2","","2","","2","","2","","2"
"129","24","","2","GUI_TEAM_NAME_BRETONNIA_PART2_5","2","","2","","2","","2","","2","","2","","2","","2"
"130","24","","2","GUI_TEAM_NAME_BRETONNIA_PART2_6","2","","2","","2","","2","","2","","2","","2","","2"
"131","24","","2","GUI_TEAM_NAME_BRETONNIA_PART2_7","2","","2","","2","","2","","2","","2","","2","","2"
"132","24","","2","GUI_TEAM_NAME_BRETONNIA_PART2_8","2","","2","","2","","2","","2","","2","","2","","2"
"133","24","","2","GUI_TEAM_NAME_BRETONNIA_PART2_9","2","","2","","2","","2","","2","","2","","2","","2"
"134","24","","2","GUI_TEAM_NAME_BRETONNIA_PART2_10","2","","2","","2","","2","","2","","2","","2","","2"
"135","8","","1","GUI_TEAM_NAME_CHAOS_PART1_1","1","","1","","1","","1","","1","","1","","1","","1"
"136","8","","1","GUI_TEAM_NAME_CHAOS_PART1_2","1","","1","","1","","1","","1","","1","","1","","1"
"137","8","","1","GUI_TEAM_NAME_CHAOS_PART1_3","1","","1","","1","","1","","1","","1","","1","","1"
"138","8","","1","GUI_TEAM_NAME_CHAOS_PART1_4","1","","1","","1","","1","","1","","1","","1","","1"
"139","8","","1","GUI_TEAM_NAME_CHAOS_PART1_5","1","","1","","1","","1","","1","","1","","1","","1"
"140","8","","1","GUI_TEAM_NAME_CHAOS_PART1_6","1","","1","","1","","1","","1","","1","","1","","1"
"141","8","","1","GUI_TEAM_NAME_CHAOS_PART1_7","1","","1","","1","","1","","1","","1","","1","","1"
"142","8","","1","GUI_TEAM_NAME_CHAOS_PART1_8","1","","1","","1","","1","","1","","1","","1","","1"
"143","8","","2","GUI_TEAM_NAME_CHAOS_PART2_1","2","","2","","2","","2","","2","","2","","2","","2"
"144","8","","2","GUI_TEAM_NAME_CHAOS_PART2_2","2","","2","","2","","2","","2","","2","","2","","2"
"145","8","","2","GUI_TEAM_NAME_CHAOS_PART2_3","2","","2","","2","","2","","2","","2","","2","","2"
"146","8","","2","GUI_TEAM_NAME_CHAOS_PART2_4","2","","2","","2","","2","","2","","2","","2","","2"
"147","8","","2","GUI_TEAM_NAME_CHAOS_PART2_5","2","","2","","2","","2","","2","","2","","2","","2"
"148","8","","2","GUI_TEAM_NAME_CHAOS_PART2_6","2","","2","","2","","2","","2","","2","","2","","2"
"149","8","","2","GUI_TEAM_NAME_CHAOS_PART2_7","2","","2","","2","","2","","2","","2","","2","","2"
"150","8","","2","GUI_TEAM_NAME_CHAOS_PART2_8","2","","2","","2","","2","","2","","2","","2","","2"
"158","3","","1","GUI_TEAM_NAME_SKAVEN_PART1_3","1","","1","","1","","1","","1","","1","","1","","1"
"159","3","","1","GUI_TEAM_NAME_SKAVEN_PART1_4","1","","1","","1","","1","","1","","1","","1","","1"
"160","3","","1","GUI_TEAM_NAME_SKAVEN_PART1_5","1","","1","","1","","1","","1","","1","","1","","1"
"161","3","","1","GUI_TEAM_NAME_SKAVEN_PART1_6","1","","1","","1","","1","","1","","1","","1","","1"
"162","3","","1","GUI_TEAM_NAME_SKAVEN_PART1_7","1","","1","","1","","1","","1","","1","","1","","1"
"163","3","","1","GUI_TEAM_NAME_SKAVEN_PART1_8","1","","1","","1","","1","","1","","1","","1","","1"
"164","3","","1","GUI_TEAM_NAME_SKAVEN_PART1_9","1","","1","","1","","1","","1","","1","","1","","1"
"165","2","","1","GUI_TEAM_NAME_DWARF_PART1_9","1","","1","","1","","1","","1","","1","","1","","1"
"166","2","","1","GUI_TEAM_NAME_DWARF_PART1_10","1","","1","","1","","1","","1","","1","","1","","1"
"167","2","","1","GUI_TEAM_NAME_DWARF_PART1_11","1","","1","","1","","1","","1","","1","","1","","1"
"168","2","","1","GUI_TEAM_NAME_DWARF_PART1_12","1","","1","","1","","1","","1","","1","","1","","1"
"169","8","","1","GUI_TEAM_NAME_CHAOS_PART1_1","1","","1","","1","","1","","1","","1","","1","","1"
"170","8","","1","GUI_TEAM_NAME_CHAOS_PART1_2","1","","1","","1","","1","","1","","1","","1","","1"
"171","8","","1","GUI_TEAM_NAME_CHAOS_PART1_3","1","","1","","1","","1","","1","","1","","1","","1"
"172","8","","1","GUI_TEAM_NAME_CHAOS_PART1_4","1","","1","","1","","1","","1","","1","","1","","1"
"186","7","","1","GUI_TEAM_NAME_WOODELF_PART1_1","1","","1","","1","","1","","1","","1","","1","","1"
"187","7","","2","GUI_TEAM_NAME_WOODELF_PART2_1","2","","2","","2","","2","","2","","2","","2","","2"
"188","5","","1","GUI_TEAM_NAME_LIZARDMAN_PART1_1","1","","1","","1","","1","","1","","1","","1","","1"
"189","5","","2","GUI_TEAM_NAME_LIZARDMAN_PART2_1","2","","2","","2","","2","","2","","2","","2","","2"
"190","7","","1","GUI_TEAM_NAME_WOODELF_PART1_2","1","","1","","1","","1","","1","","1","","1","","1"
"191","7","","1","GUI_TEAM_NAME_WOODELF_PART1_3","1","","1","","1","","1","","1","","1","","1","","1"
"192","7","","1","GUI_TEAM_NAME_WOODELF_PART1_4","1","","1","","1","","1","","1","","1","","1","","1"
"193","7","","1","GUI_TEAM_NAME_WOODELF_PART1_5","1","","1","","1","","1","","1","","1","","1","","1"
"194","7","","1","GUI_TEAM_NAME_WOODELF_PART1_6","1","","1","","1","","1","","1","","1","","1","","1"
"195","7","","1","GUI_TEAM_NAME_WOODELF_PART1_7","1","","1","","1","","1","","1","","1","","1","","1"
"196","7","","1","GUI_TEAM_NAME_WOODELF_PART1_8","1","","1","","1","","1","","1","","1","","1","","1"
"197","7","","1","GUI_TEAM_NAME_WOODELF_PART1_9","1","","1","","1","","1","","1","","1","","1","","1"
"198","7","","1","GUI_TEAM_NAME_WOODELF_PART1_10","1","","1","","1","","1","","1","","1","","1","","1"
"199","7","","1","GUI_TEAM_NAME_WOODELF_PART1_11","1","","1","","1","","1","","1","","1","","1","","1"
"200","7","","1","GUI_TEAM_NAME_WOODELF_PART1_12","1","","1","","1","","1","","1","","1","","1","","1"
"201","7","","1","GUI_TEAM_NAME_WOODELF_PART1_13","1","","1","","1","","1","","1","","1","","1","","1"
"202","7","","1","GUI_TEAM_NAME_WOODELF_PART1_14","1","","1","","1","","1","","1","","1","","1","","1"
"203","7","","1","GUI_TEAM_NAME_WOODELF_PART1_15","1","","1","","1","","1","","1","","1","","1","","1"
"204","7","","1","GUI_TEAM_NAME_WOODELF_PART1_16","1","","1","","1","","1","","1","","1","","1","","1"
"205","7","","2","GUI_TEAM_NAME_WOODELF_PART2_2","2","","2","","2","","2","","2","","2","","2","","2"
"206","7","","2","GUI_TEAM_NAME_WOODELF_PART2_3","2","","2","","2","","2","","2","","2","","2","","2"
"207","7","","2","GUI_TEAM_NAME_WOODELF_PART2_4","2","","2","","2","","2","","2","","2","","2","","2"
"208","7","","2","GUI_TEAM_NAME_WOODELF_PART2_5","2","","2","","2","","2","","2","","2","","2","","2"
"209","7","","2","GUI_TEAM_NAME_WOODELF_PART2_6","2","","2","","2","","2","","2","","2","","2","","2"
"210","7","","2","GUI_TEAM_NAME_WOODELF_PART2_7","2","","2","","2","","2","","2","","2","","2","","2"
"211","7","","2","GUI_TEAM_NAME_WOODELF_PART2_8","2","","2","","2","","2","","2","","2","","2","","2"
"212","7","","2","GUI_TEAM_NAME_WOODELF_PART2_9","2","","2","","2","","2","","2","","2","","2","","2"
"213","7","","2","GUI_TEAM_NAME_WOODELF_PART2_10","2","","2","","2","","2","","2","","2","","2","","2"
"214","7","","2","GUI_TEAM_NAME_WOODELF_PART2_11","2","","2","","2","","2","","2","","2","","2","","2"
"215","7","","2","GUI_TEAM_NAME_WOODELF_PART2_12","2","","2","","2","","2","","2","","2","","2","","2"
"216","7","","2","GUI_TEAM_NAME_WOODELF_PART2_13","2","","2","","2","","2","","2","","2","","2","","2"
"217","7","","2","GUI_TEAM_NAME_WOODELF_PART2_14","2","","2","","2","","2","","2","","2","","2","","2"
"218","7","","2","GUI_TEAM_NAME_WOODELF_PART2_15","2","","2","","2","","2","","2","","2","","2","","2"
"219","7","","2","GUI_TEAM_NAME_WOODELF_PART2_16","2","","2","","2","","2","","2","","2","","2","","2"
"220","5","","1","GUI_TEAM_NAME_LIZARDMAN_PART1_2","1","","1","","1","","1","","1","","1","","1","","1"
"221","5","","1","GUI_TEAM_NAME_LIZARDMAN_PART1_3","1","","1","","1","","1","","1","","1","","1","","1"
"222","5","","1","GUI_TEAM_NAME_LIZARDMAN_PART1_4","1","","1","","1","","1","","1","","1","","1","","1"
"223","5","","1","GUI_TEAM_NAME_LIZARDMAN_PART1_5","1","","1","","1","","1","","1","","1","","1","","1"
"224","5","","1","GUI_TEAM_NAME_LIZARDMAN_PART1_6","1","","1","","1","","1","","1","","1","","1","","1"
"225","5","","1","GUI_TEAM_NAME_LIZARDMAN_PART1_7","1","","1","","1","","1","","1","","1","","1","","1"
"226","5","","1","GUI_TEAM_NAME_LIZARDMAN_PART1_8","1","","1","","1","","1","","1","","1","","1","","1"
"227","5","","1","GUI_TEAM_NAME_LIZARDMAN_PART1_9","1","","1","","1","","1","","1","","1","","1","","1"
"228","5","","1","GUI_TEAM_NAME_LIZARDMAN_PART1_10","1","","1","","1","","1","","1","","1","","1","","1"
"229","5","","1","GUI_TEAM_NAME_LIZARDMAN_PART1_11","1","","1","","1","","1","","1","","1","","1","","1"
"230","5","","1","GUI_TEAM_NAME_LIZARDMAN_PART1_12","1","","1","","1","","1","","1","","1","","1","","1"
"231","5","","1","GUI_TEAM_NAME_LIZARDMAN_PART1_13","1","","1","","1","","1","","1","","1","","1","","1"
"232","5","","1","GUI_TEAM_NAME_LIZARDMAN_PART1_14","1","","1","","1","","1","","1","","1","","1","","1"
"249","12","","1","GUI_TEAM_NAME_NORSE_PART1_1","1","","1","","1","","1","","1","","1","","1","","1"
"250","12","","1","GUI_TEAM_NAME_NORSE_PART1_2","1","","1","","1","","1","","1","","1","","1","","1"
"251","12","","1","GUI_TEAM_NAME_NORSE_PART1_3","1","","1","","1","","1","","1","","1","","1","","1"
"252","12","","1","GUI_TEAM_NAME_NORSE_PART1_4","1","","1","","1","","1","","1","","1","","1","","1"
"253","12","","1","GUI_TEAM_NAME_NORSE_PART1_5","1","","1","","1","","1","","1","","1","","1","","1"
"254","12","","1","GUI_TEAM_NAME_NORSE_PART1_6","1","","1","","1","","1","","1","","1","","1","","1"
"255","12","","1","GUI_TEAM_NAME_NORSE_PART1_7","1","","1","","1","","1","","1","","1","","1","","1"
"256","12","","1","GUI_TEAM_NAME_NORSE_PART1_8","1","","1","","1","","1","","1","","1","","1","","1"
"257","12","","1","GUI_TEAM_NAME_NORSE_PART1_9","1","","1","","1","","1","","1","","1","","1","","1"
"258","12","","1","GUI_TEAM_NAME_NORSE_PART1_10","1","","1","","1","","1","","1","","1","","1","","1"
"259","12","","1","GUI_TEAM_NAME_NORSE_PART1_11","1","","1","","1","","1","","1","","1","","1","","1"
"260","12","","1","GUI_TEAM_NAME_NORSE_PART1_12","1","","1","","1","","1","","1","","1","","1","","1"
"261","12","","1","GUI_TEAM_NAME_NORSE_PART1_13","1","","1","","1","","1","","1","","1","","1","","1"
"262","12","","1","GUI_TEAM_NAME_NORSE_PART1_14","1","","1","","1","","1","","1","","1","","1","","1"
"263","12","","1","GUI_TEAM_NAME_NORSE_PART1_15","1","","1","","1","","1","","1","","1","","1","","1"
"264","12","","1","GUI_TEAM_NAME_NORSE_PART1_16","1","","1","","1","","1","","1","","1","","1","","1"
"265","12","","2","GUI_TEAM_NAME_NORSE_PART2_1","2","","2","","2","","2","","2","","2","","2","","2"
"266","12","","2","GUI_TEAM_NAME_NORSE_PART2_2","2","","2","","2","","2","","2","","2","","2","","2"
"267","12","","2","GUI_TEAM_NAME_NORSE_PART2_3","2","","2","","2","","2","","2","","2","","2","","2"
"268","12","","2","GUI_TEAM_NAME_NORSE_PART2_4","2","","2","","2","","2","","2","","2","","2","","2"
"269","12","","2","GUI_TEAM_NAME_NORSE_PART2_5","2","","2","","2","","2","","2","","2","","2","","2"
"270","12","","2","GUI_TEAM_NAME_NORSE_PART2_6","2","","2","","2","","2","","2","","2","","2","","2"
"271","12","","2","GUI_TEAM_NAME_NORSE_PART2_7","2","","2","","2","","2","","2","","2","","2","","2"
"272","12","","2","GUI_TEAM_NAME_NORSE_PART2_8","2","","2","","2","","2","","2","","2","","2","","2"
"273","12","","2","GUI_TEAM_NAME_NORSE_PART2_9","2","","2","","2","","2","","2","","2","","2","","2"
"274","12","","2","GUI_TEAM_NAME_NORSE_PART2_10","2","","2","","2","","2","","2","","2","","2","","2"
"275","12","","2","GUI_TEAM_NAME_NORSE_PART2_11","2","","2","","2","","2","","2","","2","","2","","2"
"276","12","","2","GUI_TEAM_NAME_NORSE_PART2_12","2","","2","","2","","2","","2","","2","","2","","2"
"277","12","","2","GUI_TEAM_NAME_NORSE_PART2_13","2","","2","","2","","2","","2","","2","","2","","2"
"278","12","","2","GUI_TEAM_NAME_NORSE_PART2_14","2","","2","","2","","2","","2","","2","","2","","2"
"279","12","","2","GUI_TEAM_NAME_NORSE_PART2_15","2","","2","","2","","2","","2","","2","","2","","2"
"280","12","","2","GUI_TEAM_NAME_NORSE_PART2_16","2","","2","","2","","2","","2","","2","","2","","2"
"281","5","","1","GUI_TEAM_NAME_LIZARDMAN_PART1_15","1","","1","","1","","1","","1","","1","","1","","1"
"282","10","","1","GUI_TEAM_NAME_UNDEAD_PART1_1","1","","1","","1","","1","","1","","1","","1","","1"
"283","10","","1","GUI_TEAM_NAME_UNDEAD_PART1_2","1","","1","","1","","1","","1","","1","","1","","1"
"284","10","","1","GUI_TEAM_NAME_UNDEAD_PART1_3","1","","1","","1","","1","","1","","1","","1","","1"
"285","10","","1","GUI_TEAM_NAME_UNDEAD_PART1_4","1","","1","","1","","1","","1","","1","","1","","1"
"286","10","","1","GUI_TEAM_NAME_UNDEAD_PART1_5","1","","1","","1","","1","","1","","1","","1","","1"
"287","10","","1","GUI_TEAM_NAME_UNDEAD_PART1_6","1","","1","","1","","1","","1","","1","","1","","1"
"288","10","","1","GUI_TEAM_NAME_UNDEAD_PART1_7","1","","1","","1","","1","","1","","1","","1","","1"
"289","10","","1","GUI_TEAM_NAME_UNDEAD_PART1_8","1","","1","","1","","1","","1","","1","","1","","1"
"290","10","","1","GUI_TEAM_NAME_UNDEAD_PART1_9","1","","1","","1","","1","","1","","1","","1","","1"
"291","10","","1","GUI_TEAM_NAME_UNDEAD_PART1_10","1","","1","","1","","1","","1","","1","","1","","1"
"292","10","","1","GUI_TEAM_NAME_UNDEAD_PART1_11","1","","1","","1","","1","","1","","1","","1","","1"
"293","10","","1","GUI_TEAM_NAME_UNDEAD_PART1_12","1","","1","","1","","1","","1","","1","","1","","1"
"294","10","","1","GUI_TEAM_NAME_UNDEAD_PART1_13","1","","1","","1","","1","","1","","1","","1","","1"
"295","10","","1","GUI_TEAM_NAME_UNDEAD_PART1_14","1","","1","","1","","1","","1","","1","","1","","1"
"296","10","","1","GUI_TEAM_NAME_UNDEAD_PART1_15","1","","1","","1","","1","","1","","1","","1","","1"
"297","10","","1","GUI_TEAM_NAME_UNDEAD_PART1_16","1","","1","","1","","1","","1","","1","","1","","1"
"298","10","","2","GUI_TEAM_NAME_UNDEAD_PART2_1","2","","2","","2","","2","","2","","2","","2","","2"
"299","10","","2","GUI_TEAM_NAME_UNDEAD_PART2_2","2","","2","","2","","2","","2","","2","","2","","2"
"300","10","","2","GUI_TEAM_NAME_UNDEAD_PART2_3","2","","2","","2","","2","","2","","2","","2","","2"
"301","10","","2","GUI_TEAM_NAME_UNDEAD_PART2_4","2","","2","","2","","2","","2","","2","","2","","2"
"302","10","","2","GUI_TEAM_NAME_UNDEAD_PART2_5","2","","2","","2","","2","","2","","2","","2","","2"
"303","10","","2","GUI_TEAM_NAME_UNDEAD_PART2_6","2","","2","","2","","2","","2","","2","","2","","2"
"304","10","","2","GUI_TEAM_NAME_UNDEAD_PART2_7","2","","2","","2","","2","","2","","2","","2","","2"
"305","10","","2","GUI_TEAM_NAME_UNDEAD_PART2_8","2","","2","","2","","2","","2","","2","","2","","2"
"306","10","","2","GUI_TEAM_NAME_UNDEAD_PART2_9","2","","2","","2","","2","","2","","2","","2","","2"
"307","10","","2","GUI_TEAM_NAME_UNDEAD_PART2_10","2","","2","","2","","2","","2","","2","","2","","2"
"308","10","","2","GUI_TEAM_NAME_UNDEAD_PART2_11","2","","2","","2","","2","","2","","2","","2","","2"
"309","10","","2","GUI_TEAM_NAME_UNDEAD_PART2_12","2","","2","","2","","2","","2","","2","","2","","2"
"310","10","","2","GUI_TEAM_NAME_UNDEAD_PART2_13","2","","2","","2","","2","","2","","2","","2","","2"
"311","10","","2","GUI_TEAM_NAME_UNDEAD_PART2_14","2","","2","","2","","2","","2","","2","","2","","2"
"312","10","","2","GUI_TEAM_NAME_UNDEAD_PART2_15","2","","2","","2","","2","","2","","2","","2","","2"
"313","10","","2","GUI_TEAM_NAME_UNDEAD_PART2_16","2","","2","","2","","2","","2","","2","","2","","2"
"314","10","","2","GUI_TEAM_NAME_UNDEAD_PART2_17","2","","2","","2","","2","","2","","2","","2","","2"
"315","17","","1","GUI_TEAM_NAME_NECROMANTIC_PART1_1","1","","1","","1","","1","","1","","1","","1","","1"
"316","17","","1","GUI_TEAM_NAME_NECROMANTIC_PART1_2","1","","1","","1","","1","","1","","1","","1","","1"
"317","17","","1","GUI_TEAM_NAME_NECROMANTIC_PART1_3","1","","1","","1","","1","","1","","1","","1","","1"
"318","17","","1","GUI_TEAM_NAME_NECROMANTIC_PART1_4","1","","1","","1","","1","","1","","1","","1","","1"
"319","17","","1","GUI_TEAM_NAME_NECROMANTIC_PART1_5","1","","1","","1","","1","","1","","1","","1","","1"
"320","17","","1","GUI_TEAM_NAME_NECROMANTIC_PART1_6","1","","1","","1","","1","","1","","1","","1","","1"
"321","17","","1","GUI_TEAM_NAME_NECROMANTIC_PART1_7","1","","1","","1","","1","","1","","1","","1","","1"
"322","17","","1","GUI_TEAM_NAME_NECROMANTIC_PART1_8","1","","1","","1","","1","","1","","1","","1","","1"
"323","17","","1","GUI_TEAM_NAME_NECROMANTIC_PART1_9","1","","1","","1","","1","","1","","1","","1","","1"
"324","17","","1","GUI_TEAM_NAME_NECROMANTIC_PART1_10","1","","1","","1","","1","","1","","1","","1","","1"
"325","17","","1","GUI_TEAM_NAME_NECROMANTIC_PART1_11","1","","1","","1","","1","","1","","1","","1","","1"
"326","17","","1","GUI_TEAM_NAME_NECROMANTIC_PART1_12","1","","1","","1","","1","","1","","1","","1","","1"
"327","17","","1","GUI_TEAM_NAME_NECROMANTIC_PART1_13","1","","1","","1","","1","","1","","1","","1","","1"
"328","17","","1","GUI_TEAM_NAME_NECROMANTIC_PART1_14","1","","1","","1","","1","","1","","1","","1","","1"
"329","17","","1","GUI_TEAM_NAME_NECROMANTIC_PART1_15","1","","1","","1","","1","","1","","1","","1","","1"
"330","17","","1","GUI_TEAM_NAME_NECROMANTIC_PART1_16","1","","1","","1","","1","","1","","1","","1","","1"
"331","17","","1","GUI_TEAM_NAME_NECROMANTIC_PART1_17","1","","1","","1","","1","","1","","1","","1","","1"
"332","17","","2","GUI_TEAM_NAME_NECROMANTIC_PART2_1","2","","2","","2","","2","","2","","2","","2","","2"
"333","17","","2","GUI_TEAM_NAME_NECROMANTIC_PART2_2","2","","2","","2","","2","","2","","2","","2","","2"
"334","17","","2","GUI_TEAM_NAME_NECROMANTIC_PART2_3","2","","2","","2","","2","","2","","2","","2","","2"
"335","17","","2","GUI_TEAM_NAME_NECROMANTIC_PART2_4","2","","2","","2","","2","","2","","2","","2","","2"
"336","17","","2","GUI_TEAM_NAME_NECROMANTIC_PART2_5","2","","2","","2","","2","","2","","2","","2","","2"
"337","17","","2","GUI_TEAM_NAME_NECROMANTIC_PART2_6","2","","2","","2","","2","","2","","2","","2","","2"
"338","17","","2","GUI_TEAM_NAME_NECROMANTIC_PART2_7","2","","2","","2","","2","","2","","2","","2","","2"
"339","17","","2","GUI_TEAM_NAME_NECROMANTIC_PART2_8","2","","2","","2","","2","","2","","2","","2","","2"
"340","17","","2","GUI_TEAM_NAME_NECROMANTIC_PART2_9","2","","2","","2","","2","","2","","2","","2","","2"
"341","17","","2","GUI_TEAM_NAME_NECROMANTIC_PART2_10","2","","2","","2","","2","","2","","2","","2","","2"
"342","17","","2","GUI_TEAM_NAME_NECROMANTIC_PART2_11","2","","2","","2","","2","","2","","2","","2","","2"
"343","17","","2","GUI_TEAM_NAME_NECROMANTIC_PART2_12","2","","2","","2","","2","","2","","2","","2","","2"
"344","17","","2","GUI_TEAM_NAME_NECROMANTIC_PART2_13","2","","2","","2","","2","","2","","2","","2","","2"
"345","17","","2","GUI_TEAM_NAME_NECROMANTIC_PART2_14","2","","2","","2","","2","","2","","2","","2","","2"
"346","17","","2","GUI_TEAM_NAME_NECROMANTIC_PART2_15","2","","2","","2","","2","","2","","2","","2","","2"
"347","17","","2","GUI_TEAM_NAME_NECROMANTIC_PART2_16","2","","2","","2","","2","","2","","2","","2","","2"
"348","17","","2","GUI_TEAM_NAME_NECROMANTIC_PART2_17","2","","2","","2","","2","","2","","2","","2","","2"
"349","18","","1","GUI_TEAM_NAME_NURGLE_PART1_1","1","","1","","1","","1","","1","","1","","1","","1"
"350","18","","1","GUI_TEAM_NAME_NURGLE_PART1_2","1","","1","","1","","1","","1","","1","","1","","1"
"351","18","","1","GUI_TEAM_NAME_NURGLE_PART1_3","1","","1","","1","","1","","1","","1","","1","","1"
"352","18","","1","GUI_TEAM_NAME_NURGLE_PART1_4","1","","1","","1","","1","","1","","1","","1","","1"
"353","18","","1","GUI_TEAM_NAME_NURGLE_PART1_5","1","","1","","1","","1","","1","","1","","1","","1"
"354","18","","1","GUI_TEAM_NAME_NURGLE_PART1_6","1","","1","","1","","1","","1","","1","","1","","1"
"355","18","","1","GUI_TEAM_NAME_NURGLE_PART1_7","1","","1","","1","","1","","1","","1","","1","","1"
"356","18","","1","GUI_TEAM_NAME_NURGLE_PART1_8","1","","1","","1","","1","","1","","1","","1","","1"
"357","18","","1","GUI_TEAM_NAME_NURGLE_PART1_9","1","","1","","1","","1","","1","","1","","1","","1"
"358","18","","1","GUI_TEAM_NAME_NURGLE_PART1_10","1","","1","","1","","1","","1","","1","","1","","1"
"359","18","","1","GUI_TEAM_NAME_NURGLE_PART1_11","1","","1","","1","","1","","1","","1","","1","","1"
"360","18","","1","GUI_TEAM_NAME_NURGLE_PART1_12","1","","1","","1","","1","","1","","1","","1","","1"
"361","18","","1","GUI_TEAM_NAME_NURGLE_PART1_13","1","","1","","1","","1","","1","","1","","1","","1"
"362","18","","1","GUI_TEAM_NAME_NURGLE_PART1_14","1","","1","","1","","1","","1","","1","","1","","1"
"363","18","","1","GUI_TEAM_NAME_NURGLE_PART1_15","1","","1","","1","","1","","1","","1","","1","","1"
"364","18","","1","GUI_TEAM_NAME_NURGLE_PART1_16","1","","1","","1","","1","","1","","1","","1","","1"
"365","18","","1","GUI_TEAM_NAME_NURGLE_PART1_17","1","","1","","1","","1","","1","","1","","1","","1"
"366","18","","2","GUI_TEAM_NAME_NURGLE_PART2_1","2","","2","","2","","2","","2","","2","","2","","2"
"367","18","","2","GUI_TEAM_NAME_NURGLE_PART2_2","2","","2","","2","","2","","2","","2","","2","","2"
"368","18","","2","GUI_TEAM_NAME_NURGLE_PART2_3","2","","2","","2","","2","","2","","2","","2","","2"
"369","18","","2","GUI_TEAM_NAME_NURGLE_PART2_4","2","","2","","2","","2","","2","","2","","2","","2"
"370","18","","2","GUI_TEAM_NAME_NURGLE_PART2_5","2","","2","","2","","2","","2","","2","","2","","2"
"371","18","","2","GUI_TEAM_NAME_NURGLE_PART2_6","2","","2","","2","","2","","2","","2","","2","","2"
"372","18","","2","GUI_TEAM_NAME_NURGLE_PART2_7","2","","2","","2","","2","","2","","2","","2","","2"
"373","18","","2","GUI_TEAM_NAME_NURGLE_PART2_8","2","","2","","2","","2","","2","","2","","2","","2"
"374","18","","2","GUI_TEAM_NAME_NURGLE_PART2_9","2","","2","","2","","2","","2","","2","","2","","2"
"375","18","","2","GUI_TEAM_NAME_NURGLE_PART2_10","2","","2","","2","","2","","2","","2","","2","","2"
"376","18","","2","GUI_TEAM_NAME_NURGLE_PART2_11","2","","2","","2","","2","","2","","2","","2","","2"
"377","18","","2","GUI_TEAM_NAME_NURGLE_PART2_12","2","","2","","2","","2","","2","","2","","2","","2"
"378","18","","2","GUI_TEAM_NAME_NURGLE_PART2_13","2","","2","","2","","2","","2","","2","","2","","2"
"379","18","","2","GUI_TEAM_NAME_NURGLE_PART2_14","2","","2","","2","","2","","2","","2","","2","","2"
"380","18","","2","GUI_TEAM_NAME_NURGLE_PART2_15","2","","2","","2","","2","","2","","2","","2","","2"
"381","18","","2","GUI_TEAM_NAME_NURGLE_PART2_16","2","","2","","2","","2","","2","","2","","2","","2"
"382","18","","2","GUI_TEAM_NAME_NURGLE_PART2_17","2","","2","","2","","2","","2","","2","","2","","2"
"383","16","","1","GUI_TEAM_NAME_KHEMRI_PART1_1","1","","1","","1","","1","","1","","1","","1","","1"
"384","16","","2","GUI_TEAM_NAME_KHEMRI_PART2_1","2","","2","","2","","2","","2","","2","","2","","2"
"385","16","","2","GUI_TEAM_NAME_KHEMRI_PART2_2","2","","2","","2","","2","","2","","2","","2","","2"
"386","16","","2","GUI_TEAM_NAME_KHEMRI_PART2_3","2","","2","","2","","2","","2","","2","","2","","2"
"387","16","","2","GUI_TEAM_NAME_KHEMRI_PART2_4","2","","2","","2","","2","","2","","2","","2","","2"
"388","16","","2","GUI_TEAM_NAME_KHEMRI_PART2_5","2","","2","","2","","2","","2","","2","","2","","2"
"389","16","","2","GUI_TEAM_NAME_KHEMRI_PART2_6","2","","2","","2","","2","","2","","2","","2","","2"
"390","16","","2","GUI_TEAM_NAME_KHEMRI_PART2_7","2","","2","","2","","2","","2","","2","","2","","2"
"391","16","","2","GUI_TEAM_NAME_KHEMRI_PART2_8","2","","2","","2","","2","","2","","2","","2","","2"
"392","16","","2","GUI_TEAM_NAME_KHEMRI_PART2_9","2","","2","","2","","2","","2","","2","","2","","2"
"393","16","","2","GUI_TEAM_NAME_KHEMRI_PART2_10","2","","2","","2","","2","","2","","2","","2","","2"
"394","16","","2","GUI_TEAM_NAME_KHEMRI_PART2_11","2","","2","","2","","2","","2","","2","","2","","2"
"395","16","","2","GUI_TEAM_NAME_KHEMRI_PART2_12","2","","2","","2","","2","","2","","2","","2","","2"
"396","16","","2","GUI_TEAM_NAME_KHEMRI_PART2_13","2","","2","","2","","2","","2","","2","","2","","2"
"397","16","","2","GUI_TEAM_NAME_KHEMRI_PART2_14","2","","2","","2","","2","","2","","2","","2","","2"
"398","16","","2","GUI_TEAM_NAME_KHEMRI_PART2_15","2","","2","","2","","2","","2","","2","","2","","2"
"399","16","","2","GUI_TEAM_NAME_KHEMRI_PART2_16","2","","2","","2","","2","","2","","2","","2","","2"
"400","16","","2","GUI_TEAM_NAME_KHEMRI_PART2_17","2","","2","","2","","2","","2","","2","","2","","2"
"401","16","","2","GUI_TEAM_NAME_KHEMRI_PART2_18","2","","2","","2","","2","","2","","2","","2","","2"
"402","16","","1","GUI_TEAM_NAME_KHEMRI_PART1_2","1","","1","","1","","1","","1","","1","","1","","1"
"403","16","","1","GUI_TEAM_NAME_KHEMRI_PART1_3","1","","1","","1","","1","","1","","1","","1","","1"
"404","16","","1","GUI_TEAM_NAME_KHEMRI_PART1_4","1","","1","","1","","1","","1","","1","","1","","1"
"405","16","","1","GUI_TEAM_NAME_KHEMRI_PART1_5","1","","1","","1","","1","","1","","1","","1","","1"
"406","16","","1","GUI_TEAM_NAME_KHEMRI_PART1_6","1","","1","","1","","1","","1","","1","","1","","1"
"407","16","","1","GUI_TEAM_NAME_KHEMRI_PART1_7","1","","1","","1","","1","","1","","1","","1","","1"
"408","16","","1","GUI_TEAM_NAME_KHEMRI_PART1_8","1","","1","","1","","1","","1","","1","","1","","1"
"409","16","","1","GUI_TEAM_NAME_KHEMRI_PART1_9","1","","1","","1","","1","","1","","1","","1","","1"
"410","16","","1","GUI_TEAM_NAME_KHEMRI_PART1_10","1","","1","","1","","1","","1","","1","","1","","1"
"411","16","","1","GUI_TEAM_NAME_KHEMRI_PART1_11","1","","1","","1","","1","","1","","1","","1","","1"
"412","16","","1","GUI_TEAM_NAME_KHEMRI_PART1_12","1","","1","","1","","1","","1","","1","","1","","1"
"413","16","","1","GUI_TEAM_NAME_KHEMRI_PART1_13","1","","1","","1","","1","","1","","1","","1","","1"
"414","16","","1","GUI_TEAM_NAME_KHEMRI_PART1_14","1","","1","","1","","1","","1","","1","","1","","1"
"415","16","","1","GUI_TEAM_NAME_KHEMRI_PART1_15","1","","1","","1","","1","","1","","1","","1","","1"
"416","16","","1","GUI_TEAM_NAME_KHEMRI_PART1_16","1","","1","","1","","1","","1","","1","","1","","1"
"417","16","","1","GUI_TEAM_NAME_KHEMRI_PART1_17","1","","1","","1","","1","","1","","1","","1","","1"
"418","21","","1","GUI_TEAM_NAME_CHAOSDWARF_PART1_1","1","","1","","1","","1","","1","","1","","1","","1"
"419","21","","2","GUI_TEAM_NAME_CHAOSDWARF_PART2_1","2","","2","","2","","2","","2","","2","","2","","2"
"420","21","","1","GUI_TEAM_NAME_CHAOSDWARF_PART1_2","1","","1","","1","","1","","1","","1","","1","","1"
"421","21","","1","GUI_TEAM_NAME_CHAOSDWARF_PART1_3","1","","1","","1","","1","","1","","1","","1","","1"
"422","21","","1","GUI_TEAM_NAME_CHAOSDWARF_PART1_4","1","","1","","1","","1","","1","","1","","1","","1"
"423","21","","1","GUI_TEAM_NAME_CHAOSDWARF_PART1_5","1","","1","","1","","1","","1","","1","","1","","1"
"424","21","","1","GUI_TEAM_NAME_CHAOSDWARF_PART1_6","1","","1","","1","","1","","1","","1","","1","","1"
"425","21","","1","GUI_TEAM_NAME_CHAOSDWARF_PART1_7","1","","1","","1","","1","","1","","1","","1","","1"
"426","21","","1","GUI_TEAM_NAME_CHAOSDWARF_PART1_8","1","","1","","1","","1","","1","","1","","1","","1"
"427","21","","1","GUI_TEAM_NAME_CHAOSDWARF_PART1_9","1","","1","","1","","1","","1","","1","","1","","1"
"428","21","","1","GUI_TEAM_NAME_CHAOSDWARF_PART1_10","1","","1","","1","","1","","1","","1","","1","","1"
"429","21","","1","GUI_TEAM_NAME_CHAOSDWARF_PART1_11","1","","1","","1","","1","","1","","1","","1","","1"
"430","21","","1","GUI_TEAM_NAME_CHAOSDWARF_PART1_12","1","","1","","1","","1","","1","","1","","1","","1"
"431","21","","1","GUI_TEAM_NAME_CHAOSDWARF_PART1_13","1","","1","","1","","1","","1","","1","","1","","1"
"432","21","","1","GUI_TEAM_NAME_CHAOSDWARF_PART1_14","1","","1","","1","","1","","1","","1","","1","","1"
"433","21","","1","GUI_TEAM_NAME_CHAOSDWARF_PART1_15","1","","1","","1","","1","","1","","1","","1","","1"
"434","21","","1","GUI_TEAM_NAME_CHAOSDWARF_PART1_16","1","","1","","1","","1","","1","","1","","1","","1"
"435","21","","1","GUI_TEAM_NAME_CHAOSDWARF_PART1_17","1","","1","","1","","1","","1","","1","","1","","1"
"436","21","","1","GUI_TEAM_NAME_CHAOSDWARF_PART1_18","1","","1","","1","","1","","1","","1","","1","","1"
"437","21","","1","GUI_TEAM_NAME_CHAOSDWARF_PART1_19","1","","1","","1","","1","","1","","1","","1","","1"
"438","21","","2","GUI_TEAM_NAME_CHAOSDWARF_PART2_2","2","","2","","2","","2","","2","","2","","2","","2"
"439","21","","2","GUI_TEAM_NAME_CHAOSDWARF_PART2_3","2","","2","","2","","2","","2","","2","","2","","2"
"440","21","","2","GUI_TEAM_NAME_CHAOSDWARF_PART2_4","2","","2","","2","","2","","2","","2","","2","","2"
"441","21","","2","GUI_TEAM_NAME_CHAOSDWARF_PART2_5","2","","2","","2","","2","","2","","2","","2","","2"
"442","21","","2","GUI_TEAM_NAME_CHAOSDWARF_PART2_6","2","","2","","2","","2","","2","","2","","2","","2"
"443","21","","2","GUI_TEAM_NAME_CHAOSDWARF_PART2_7","2","","2","","2","","2","","2","","2","","2","","2"
"444","21","","2","GUI_TEAM_NAME_CHAOSDWARF_PART2_8","2","","2","","2","","2","","2","","2","","2","","2"
"445","21","","2","GUI_TEAM_NAME_CHAOSDWARF_PART2_9","2","","2","","2","","2","","2","","2","","2","","2"
"446","21","","2","GUI_TEAM_NAME_CHAOSDWARF_PART2_10","2","","2","","2","","2","","2","","2","","2","","2"
"447","21","","2","GUI_TEAM_NAME_CHAOSDWARF_PART2_11","2","","2","","2","","2","","2","","2","","2","","2"
"448","21","","2","GUI_TEAM_NAME_CHAOSDWARF_PART2_12","2","","2","","2","","2","","2","","2","","2","","2"
"449","21","","2","GUI_TEAM_NAME_CHAOSDWARF_PART2_13","2","","2","","2","","2","","2","","2","","2","","2"
"450","21","","2","GUI_TEAM_NAME_CHAOSDWARF_PART2_14","2","","2","","2","","2","","2","","2","","2","","2"
"451","21","","2","GUI_TEAM_NAME_CHAOSDWARF_PART2_15","2","","2","","2","","2","","2","","2","","2","","2"
"452","21","","2","GUI_TEAM_NAME_CHAOSDWARF_PART2_16","2","","2","","2","","2","","2","","2","","2","","2"
"453","21","","2","GUI_TEAM_NAME_CHAOSDWARF_PART2_17","2","","2","","2","","2","","2","","2","","2","","2"
"454","21","","2","GUI_TEAM_NAME_CHAOSDWARF_PART2_18","2","","2","","2","","2","","2","","2","","2","","2"
"455","21","","2","GUI_TEAM_NAME_CHAOSDWARF_PART2_19","2","","2","","2","","2","","2","","2","","2","","2"
"456","21","","2","GUI_TEAM_NAME_CHAOSDWARF_PART2_20","2","","2","","2","","2","","2","","2","","2","","2"
"457","6","","2","GUI_TEAM_NAME_GOBLIN_PART2_1","2","","2","","2","","2","","2","","2","","2","","2"
"458","6","","1","GUI_TEAM_NAME_GOBLIN_PART1_1","1","","1","","1","","1","","1","","1","","1","","1"
"459","11","","2","GUI_TEAM_NAME_HALFLING_PART2_1","2","","2","","2","","2","","2","","2","","2","","2"
"460","11","","1","GUI_TEAM_NAME_HALFLING_PART1_1","1","","1","","1","","1","","1","","1","","1","","1"
"461","13","","2","GUI_TEAM_NAME_AMAZON_PART2_1","2","","2","","2","","2","","2","","2","","2","","2"
"462","14","","2","GUI_TEAM_NAME_PROELF_PART2_1","2","","2","","2","","2","","2","","2","","2","","2"
"463","13","","1","GUI_TEAM_NAME_AMAZON_PART1_1","1","","1","","1","","1","","1","","1","","1","","1"
"464","14","","1","GUI_TEAM_NAME_PROELF_PART1_1","1","","1","","1","","1","","1","","1","","1","","1"
"465","19","","2","GUI_TEAM_NAME_OGRE_PART2_1","2","","2","","2","","2","","2","","2","","2","","2"
"466","20","","2","GUI_TEAM_NAME_VAMPIRE_PART2_1","2","","2","","2","","2","","2","","2","","2","","2"
"467","19","","1","GUI_TEAM_NAME_OGRE_PART1_1","1","","1","","1","","1","","1","","1","","1","","1"
"468","20","","1","GUI_TEAM_NAME_VAMPIRE_PART1_1","1","","1","","1","","1","","1","","1","","1","","1"
"469","21","","2","GUI_TEAM_NAME_CHAOSDWARF_PART2_1","2","","2","","2","","2","","2","","2","","2","","2"
"470","22","","2","GUI_TEAM_NAME_UNDERWORLD_PART2_1","2","","2","","2","","2","","2","","2","","2","","2"
"471","22","","1","GUI_TEAM_NAME_UNDERWORLD_PART1_1","1","","1","","1","","1","","1","","1","","1","","1"
"472","25","","2","GUI_TEAM_NAME_KISLEV_PART2_1","2","","2","","2","","2","","2","","2","","2","","2"
"473","25","","1","GUI_TEAM_NAME_KISLEV_PART1_1","1","","1","","1","","1","","1","","1","","1","","1"
"474","25","","1","GUI_TEAM_NAME_KISLEV_PART1_2","1","","1","","1","","1","","1","","1","","1","","1"
"475","25","","1","GUI_TEAM_NAME_KISLEV_PART1_3","1","","1","","1","","1","","1","","1","","1","","1"
"476","25","","1","GUI_TEAM_NAME_KISLEV_PART1_4","1","","1","","1","","1","","1","","1","","1","","1"
"477","25","","1","GUI_TEAM_NAME_KISLEV_PART1_5","1","","1","","1","","1","","1","","1","","1","","1"
"478","25","","1","GUI_TEAM_NAME_KISLEV_PART1_6","1","","1","","1","","1","","1","","1","","1","","1"
"479","25","","1","GUI_TEAM_NAME_KISLEV_PART1_7","1","","1","","1","","1","","1","","1","","1","","1"
"480","25","","1","GUI_TEAM_NAME_KISLEV_PART1_8","1","","1","","1","","1","","1","","1","","1","","1"
"481","25","","1","GUI_TEAM_NAME_KISLEV_PART1_9","1","","1","","1","","1","","1","","1","","1","","1"
"482","25","","1","GUI_TEAM_NAME_KISLEV_PART1_10","1","","1","","1","","1","","1","","1","","1","","1"
"483","25","","1","GUI_TEAM_NAME_KISLEV_PART1_11","1","","1","","1","","1","","1","","1","","1","","1"
"484","25","","1","GUI_TEAM_NAME_KISLEV_PART1_12","1","","1","","1","","1","","1","","1","","1","","1"
"485","25","","1","GUI_TEAM_NAME_KISLEV_PART1_13","1","","1","","1","","1","","1","","1","","1","","1"
"486","25","","1","GUI_TEAM_NAME_KISLEV_PART1_14","1","","1","","1","","1","","1","","1","","1","","1"
"487","25","","1","GUI_TEAM_NAME_KISLEV_PART1_15","1","","1","","1","","1","","1","","1","","1","","1"
"488","25","","1","GUI_TEAM_NAME_KISLEV_PART1_16","1","","1","","1","","1","","1","","1","","1","","1"
"489","25","","1","GUI_TEAM_NAME_KISLEV_PART1_17","1","","1","","1","","1","","1","","1","","1","","1"
"490","25","","1","GUI_TEAM_NAME_KISLEV_PART1_18","1","","1","","1","","1","","1","","1","","1","","1"
"491","25","","1","GUI_TEAM_NAME_KISLEV_PART1_19","1","","1","","1","","1","","1","","1","","1","","1"
"492","25","","1","GUI_TEAM_NAME_KISLEV_PART1_20","1","","1","","1","","1","","1","","1","","1","","1"
"493","25","","1","GUI_TEAM_NAME_KISLEV_PART1_21","1","","1","","1","","1","","1","","1","","1","","1"
"494","25","","1","GUI_TEAM_NAME_KISLEV_PART1_22","1","","1","","1","","1","","1","","1","","1","","1"
"495","25","","2","GUI_TEAM_NAME_KISLEV_PART2_2","2","","2","","2","","2","","2","","2","","2","","2"
"496","25","","2","GUI_TEAM_NAME_KISLEV_PART2_3","2","","2","","2","","2","","2","","2","","2","","2"
"497","25","","2","GUI_TEAM_NAME_KISLEV_PART2_4","2","","2","","2","","2","","2","","2","","2","","2"
"498","25","","2","GUI_TEAM_NAME_KISLEV_PART2_5","2","","2","","2","","2","","2","","2","","2","","2"
"499","25","","2","GUI_TEAM_NAME_KISLEV_PART2_6","2","","2","","2","","2","","2","","2","","2","","2"
"500","25","","2","GUI_TEAM_NAME_KISLEV_PART2_7","2","","2","","2","","2","","2","","2","","2","","2"
"501","25","","2","GUI_TEAM_NAME_KISLEV_PART2_8","2","","2","","2","","2","","2","","2","","2","","2"
"502","25","","2","GUI_TEAM_NAME_KISLEV_PART2_9","2","","2","","2","","2","","2","","2","","2","","2"
"503","25","","2","GUI_TEAM_NAME_KISLEV_PART2_10","2","","2","","2","","2","","2","","2","","2","","2"
"504","25","","2","GUI_TEAM_NAME_KISLEV_PART2_11","2","","2","","2","","2","","2","","2","","2","","2"
"505","25","","2","GUI_TEAM_NAME_KISLEV_PART2_12","2","","2","","2","","2","","2","","2","","2","","2"
"506","25","","2","GUI_TEAM_NAME_KISLEV_PART2_13","2","","2","","2","","2","","2","","2","","2","","2"
"507","25","","2","GUI_TEAM_NAME_KISLEV_PART2_14","2","","2","","2","","2","","2","","2","","2","","2"
"508","25","","2","GUI_TEAM_NAME_KISLEV_PART2_15","2","","2","","2","","2","","2","","2","","2","","2"
"509","25","","2","GUI_TEAM_NAME_KISLEV_PART2_16","2","","2","","2","","2","","2","","2","","2","","2"
"510","25","","2","GUI_TEAM_NAME_KISLEV_PART2_17","2","","2","","2","","2","","2","","2","","2","","2"
"511","25","","2","GUI_TEAM_NAME_KISLEV_PART2_18","2","","2","","2","","2","","2","","2","","2","","2"
"512","25","","2","GUI_TEAM_NAME_KISLEV_PART2_19","2","","2","","2","","2","","2","","2","","2","","2"
"513","25","","2","GUI_TEAM_NAME_KISLEV_PART2_20","2","","2","","2","","2","","2","","2","","2","","2"
"517","6","","1","GUI_TEAM_NAME_GOBLIN_PART1_2","1","","1","","1","","1","","1","","1","","1","","1"
"518","6","","1","GUI_TEAM_NAME_GOBLIN_PART1_3","1","","1","","1","","1","","1","","1","","1","","1"
"519","6","","1","GUI_TEAM_NAME_GOBLIN_PART1_4","1","","1","","1","","1","","1","","1","","1","","1"
"520","6","","1","GUI_TEAM_NAME_GOBLIN_PART1_5","1","","1","","1","","1","","1","","1","","1","","1"
"521","6","","1","GUI_TEAM_NAME_GOBLIN_PART1_6","1","","1","","1","","1","","1","","1","","1","","1"
"522","6","","1","GUI_TEAM_NAME_GOBLIN_PART1_7","1","","1","","1","","1","","1","","1","","1","","1"
"523","6","","1","GUI_TEAM_NAME_GOBLIN_PART1_8","1","","1","","1","","1","","1","","1","","1","","1"
"524","6","","1","GUI_TEAM_NAME_GOBLIN_PART1_9","1","","1","","1","","1","","1","","1","","1","","1"
"525","6","","1","GUI_TEAM_NAME_GOBLIN_PART1_10","1","","1","","1","","1","","1","","1","","1","","1"
"526","6","","1","GUI_TEAM_NAME_GOBLIN_PART1_11","1","","1","","1","","1","","1","","1","","1","","1"
"527","6","","1","GUI_TEAM_NAME_GOBLIN_PART1_12","1","","1","","1","","1","","1","","1","","1","","1"
"528","6","","1","GUI_TEAM_NAME_GOBLIN_PART1_13","1","","1","","1","","1","","1","","1","","1","","1"
"529","6","","1","GUI_TEAM_NAME_GOBLIN_PART1_14","1","","1","","1","","1","","1","","1","","1","","1"
"530","6","","1","GUI_TEAM_NAME_GOBLIN_PART1_15","1","","1","","1","","1","","1","","1","","1","","1"
"531","6","","1","GUI_TEAM_NAME_GOBLIN_PART1_16","1","","1","","1","","1","","1","","1","","1","","1"
"532","6","","1","GUI_TEAM_NAME_GOBLIN_PART1_17","1","","1","","1","","1","","1","","1","","1","","1"
"533","6","","1","GUI_TEAM_NAME_GOBLIN_PART1_18","1","","1","","1","","1","","1","","1","","1","","1"
"534","6","","1","GUI_TEAM_NAME_GOBLIN_PART1_19","1","","1","","1","","1","","1","","1","","1","","1"
"535","6","","1","GUI_TEAM_NAME_GOBLIN_PART1_20","1","","1","","1","","1","","1","","1","","1","","1"
"536","6","","1","GUI_TEAM_NAME_GOBLIN_PART1_21","1","","1","","1","","1","","1","","1","","1","","1"
"537","6","","1","GUI_TEAM_NAME_GOBLIN_PART1_22","1","","1","","1","","1","","1","","1","","1","","1"
"538","6","","1","GUI_TEAM_NAME_GOBLIN_PART1_23","1","","1","","1","","1","","1","","1","","1","","1"
"539","6","","1","GUI_TEAM_NAME_GOBLIN_PART1_24","1","","1","","1","","1","","1","","1","","1","","1"
"540","6","","1","GUI_TEAM_NAME_GOBLIN_PART1_25","1","","1","","1","","1","","1","","1","","1","","1"
"541","6","","2","GUI_TEAM_NAME_GOBLIN_PART2_2","2","","2","","2","","2","","2","","2","","2","","2"
"542","6","","2","GUI_TEAM_NAME_GOBLIN_PART2_3","2","","2","","2","","2","","2","","2","","2","","2"
"543","6","","2","GUI_TEAM_NAME_GOBLIN_PART2_4","2","","2","","2","","2","","2","","2","","2","","2"
"544","6","","2","GUI_TEAM_NAME_GOBLIN_PART2_5","2","","2","","2","","2","","2","","2","","2","","2"
"545","6","","2","GUI_TEAM_NAME_GOBLIN_PART2_6","2","","2","","2","","2","","2","","2","","2","","2"
"546","6","","2","GUI_TEAM_NAME_GOBLIN_PART2_7","2","","2","","2","","2","","2","","2","","2","","2"
"547","6","","2","GUI_TEAM_NAME_GOBLIN_PART2_8","2","","2","","2","","2","","2","","2","","2","","2"
"548","6","","2","GUI_TEAM_NAME_GOBLIN_PART2_9","2","","2","","2","","2","","2","","2","","2","","2"
"549","6","","2","GUI_TEAM_NAME_GOBLIN_PART2_10","2","","2","","2","","2","","2","","2","","2","","2"
"550","6","","2","GUI_TEAM_NAME_GOBLIN_PART2_11","2","","2","","2","","2","","2","","2","","2","","2"
"551","6","","2","GUI_TEAM_NAME_GOBLIN_PART2_12","2","","2","","2","","2","","2","","2","","2","","2"
"552","6","","2","GUI_TEAM_NAME_GOBLIN_PART2_13","2","","2","","2","","2","","2","","2","","2","","2"
"553","6","","2","GUI_TEAM_NAME_GOBLIN_PART2_14","2","","2","","2","","2","","2","","2","","2","","2"
"554","6","","2","GUI_TEAM_NAME_GOBLIN_PART2_15","2","","2","","2","","2","","2","","2","","2","","2"
"555","6","","2","GUI_TEAM_NAME_GOBLIN_PART2_16","2","","2","","2","","2","","2","","2","","2","","2"
"556","6","","2","GUI_TEAM_NAME_GOBLIN_PART2_17","2","","2","","2","","2","","2","","2","","2","","2"
"557","6","","2","GUI_TEAM_NAME_GOBLIN_PART2_18","2","","2","","2","","2","","2","","2","","2","","2"
"558","6","","2","GUI_TEAM_NAME_GOBLIN_PART2_19","2","","2","","2","","2","","2","","2","","2","","2"
"559","6","","2","GUI_TEAM_NAME_GOBLIN_PART2_20","2","","2","","2","","2","","2","","2","","2","","2"
"560","6","","2","GUI_TEAM_NAME_GOBLIN_PART2_21","2","","2","","2","","2","","2","","2","","2","","2"
"561","6","","2","GUI_TEAM_NAME_GOBLIN_PART2_22","2","","2","","2","","2","","2","","2","","2","","2"
"562","6","","2","GUI_TEAM_NAME_GOBLIN_PART2_23","2","","2","","2","","2","","2","","2","","2","","2"
"563","6","","2","GUI_TEAM_NAME_GOBLIN_PART2_24","2","","2","","2","","2","","2","","2","","2","","2"
"564","6","","2","GUI_TEAM_NAME_GOBLIN_PART2_25","2","","2","","2","","2","","2","","2","","2","","2"
"568","19","","1","GUI_TEAM_NAME_OGRE_PART1_2","1","","1","","1","","1","","1","","1","","1","","1"
"569","19","","1","GUI_TEAM_NAME_OGRE_PART1_3","1","","1","","1","","1","","1","","1","","1","","1"
"570","19","","1","GUI_TEAM_NAME_OGRE_PART1_4","1","","1","","1","","1","","1","","1","","1","","1"
"571","19","","1","GUI_TEAM_NAME_OGRE_PART1_5","1","","1","","1","","1","","1","","1","","1","","1"
"572","19","","1","GUI_TEAM_NAME_OGRE_PART1_6","1","","1","","1","","1","","1","","1","","1","","1"
"573","19","","1","GUI_TEAM_NAME_OGRE_PART1_7","1","","1","","1","","1","","1","","1","","1","","1"
"574","19","","1","GUI_TEAM_NAME_OGRE_PART1_8","1","","1","","1","","1","","1","","1","","1","","1"
"575","19","","1","GUI_TEAM_NAME_OGRE_PART1_9","1","","1","","1","","1","","1","","1","","1","","1"
"576","19","","1","GUI_TEAM_NAME_OGRE_PART1_10","1","","1","","1","","1","","1","","1","","1","","1"
"577","19","","1","GUI_TEAM_NAME_OGRE_PART1_11","1","","1","","1","","1","","1","","1","","1","","1"
"578","19","","1","GUI_TEAM_NAME_OGRE_PART1_12","1","","1","","1","","1","","1","","1","","1","","1"
"579","19","","1","GUI_TEAM_NAME_OGRE_PART1_13","1","","1","","1","","1","","1","","1","","1","","1"
"580","19","","1","GUI_TEAM_NAME_OGRE_PART1_14","1","","1","","1","","1","","1","","1","","1","","1"
"581","19","","1","GUI_TEAM_NAME_OGRE_PART1_15","1","","1","","1","","1","","1","","1","","1","","1"
"582","19","","1","GUI_TEAM_NAME_OGRE_PART1_16","1","","1","","1","","1","","1","","1","","1","","1"
"583","19","","1","GUI_TEAM_NAME_OGRE_PART1_17","1","","1","","1","","1","","1","","1","","1","","1"
"584","19","","1","GUI_TEAM_NAME_OGRE_PART1_18","1","","1","","1","","1","","1","","1","","1","","1"
"585","19","","1","GUI_TEAM_NAME_OGRE_PART1_19","1","","1","","1","","1","","1","","1","","1","","1"
"586","19","","1","GUI_TEAM_NAME_OGRE_PART1_20","1","","1","","1","","1","","1","","1","","1","","1"
"587","19","","1","GUI_TEAM_NAME_OGRE_PART1_21","1","","1","","1","","1","","1","","1","","1","","1"
"588","19","","1","GUI_TEAM_NAME_OGRE_PART1_22","1","","1","","1","","1","","1","","1","","1","","1"
"589","19","","1","GUI_TEAM_NAME_OGRE_PART1_23","1","","1","","1","","1","","1","","1","","1","","1"
"590","19","","1","GUI_TEAM_NAME_OGRE_PART1_24","1","","1","","1","","1","","1","","1","","1","","1"
"591","19","","1","GUI_TEAM_NAME_OGRE_PART1_25","1","","1","","1","","1","","1","","1","","1","","1"
"592","19","","1","GUI_TEAM_NAME_OGRE_PART1_26","1","","1","","1","","1","","1","","1","","1","","1"
"593","19","","1","GUI_TEAM_NAME_OGRE_PART1_27","1","","1","","1","","1","","1","","1","","1","","1"
"594","19","","1","GUI_TEAM_NAME_OGRE_PART1_28","1","","1","","1","","1","","1","","1","","1","","1"
"595","19","","1","GUI_TEAM_NAME_OGRE_PART1_29","1","","1","","1","","1","","1","","1","","1","","1"
"596","19","","2","GUI_TEAM_NAME_OGRE_PART2_2","2","","2","","2","","2","","2","","2","","2","","2"
"597","19","","2","GUI_TEAM_NAME_OGRE_PART2_3","2","","2","","2","","2","","2","","2","","2","","2"
"598","19","","2","GUI_TEAM_NAME_OGRE_PART2_4","2","","2","","2","","2","","2","","2","","2","","2"
"599","19","","2","GUI_TEAM_NAME_OGRE_PART2_5","2","","2","","2","","2","","2","","2","","2","","2"
"600","19","","2","GUI_TEAM_NAME_OGRE_PART2_6","2","","2","","2","","2","","2","","2","","2","","2"
"601","19","","2","GUI_TEAM_NAME_OGRE_PART2_7","2","","2","","2","","2","","2","","2","","2","","2"
"602","19","","2","GUI_TEAM_NAME_OGRE_PART2_8","2","","2","","2","","2","","2","","2","","2","","2"
"603","19","","2","GUI_TEAM_NAME_OGRE_PART2_9","2","","2","","2","","2","","2","","2","","2","","2"
"604","19","","2","GUI_TEAM_NAME_OGRE_PART2_10","2","","2","","2","","2","","2","","2","","2","","2"
"605","19","","2","GUI_TEAM_NAME_OGRE_PART2_11","2","","2","","2","","2","","2","","2","","2","","2"
"606","19","","2","GUI_TEAM_NAME_OGRE_PART2_12","2","","2","","2","","2","","2","","2","","2","","2"
"607","19","","2","GUI_TEAM_NAME_OGRE_PART2_13","2","","2","","2","","2","","2","","2","","2","","2"
"608","19","","2","GUI_TEAM_NAME_OGRE_PART2_14","2","","2","","2","","2","","2","","2","","2","","2"
"609","19","","2","GUI_TEAM_NAME_OGRE_PART2_15","2","","2","","2","","2","","2","","2","","2","","2"
"610","19","","2","GUI_TEAM_NAME_OGRE_PART2_16","2","","2","","2","","2","","2","","2","","2","","2"
"611","19","","2","GUI_TEAM_NAME_OGRE_PART2_17","2","","2","","2","","2","","2","","2","","2","","2"
"612","19","","2","GUI_TEAM_NAME_OGRE_PART2_18","2","","2","","2","","2","","2","","2","","2","","2"
"613","19","","2","GUI_TEAM_NAME_OGRE_PART2_19","2","","2","","2","","2","","2","","2","","2","","2"
"614","19","","2","GUI_TEAM_NAME_OGRE_PART2_20","2","","2","","2","","2","","2","","2","","2","","2"
"615","19","","2","GUI_TEAM_NAME_OGRE_PART2_21","2","","2","","2","","2","","2","","2","","2","","2"
"616","19","","2","GUI_TEAM_NAME_OGRE_PART2_22","2","","2","","2","","2","","2","","2","","2","","2"
"617","19","","2","GUI_TEAM_NAME_OGRE_PART2_23","2","","2","","2","","2","","2","","2","","2","","2"
"618","19","","2","GUI_TEAM_NAME_OGRE_PART2_24","2","","2","","2","","2","","2","","2","","2","","2"
"619","19","","2","GUI_TEAM_NAME_OGRE_PART2_25","2","","2","","2","","2","","2","","2","","2","","2"
"620","19","","2","GUI_TEAM_NAME_OGRE_PART2_26","2","","2","","2","","2","","2","","2","","2","","2"
"621","19","","2","GUI_TEAM_NAME_OGRE_PART2_27","2","","2","","2","","2","","2","","2","","2","","2"
"622","19","","2","GUI_TEAM_NAME_OGRE_PART2_28","2","","2","","2","","2","","2","","2","","2","","2"
"623","19","","2","GUI_TEAM_NAME_OGRE_PART2_29","2","","2","","2","","2","","2","","2","","2","","2"
"624","19","","2","GUI_TEAM_NAME_OGRE_PART2_30","2","","2","","2","","2","","2","","2","","2","","2"
"625","19","","2","GUI_TEAM_NAME_OGRE_PART2_31","2","","2","","2","","2","","2","","2","","2","","2"
"628","11","","1","GUI_TEAM_NAME_HALFLING_PART1_2","1","","1","","1","","1","","1","","1","","1","","1"
"629","11","","1","GUI_TEAM_NAME_HALFLING_PART1_3","1","","1","","1","","1","","1","","1","","1","","1"
"631","11","","1","GUI_TEAM_NAME_HALFLING_PART1_5","1","","1","","1","","1","","1","","1","","1","","1"
"632","11","","1","GUI_TEAM_NAME_HALFLING_PART1_6","1","","1","","1","","1","","1","","1","","1","","1"
"633","11","","1","GUI_TEAM_NAME_HALFLING_PART1_7","1","","1","","1","","1","","1","","1","","1","","1"
"634","11","","1","GUI_TEAM_NAME_HALFLING_PART1_8","1","","1","","1","","1","","1","","1","","1","","1"
"635","11","","1","GUI_TEAM_NAME_HALFLING_PART1_9","1","","1","","1","","1","","1","","1","","1","","1"
"636","11","","1","GUI_TEAM_NAME_HALFLING_PART1_10","1","","1","","1","","1","","1","","1","","1","","1"
"637","11","","1","GUI_TEAM_NAME_HALFLING_PART1_11","1","","1","","1","","1","","1","","1","","1","","1"
"638","11","","1","GUI_TEAM_NAME_HALFLING_PART1_12","1","","1","","1","","1","","1","","1","","1","","1"
"639","11","","1","GUI_TEAM_NAME_HALFLING_PART1_13","1","","1","","1","","1","","1","","1","","1","","1"
"640","11","","1","GUI_TEAM_NAME_HALFLING_PART1_14","1","","1","","1","","1","","1","","1","","1","","1"
"641","11","","1","GUI_TEAM_NAME_HALFLING_PART1_15","1","","1","","1","","1","","1","","1","","1","","1"
"642","11","","1","GUI_TEAM_NAME_HALFLING_PART1_16","1","","1","","1","","1","","1","","1","","1","","1"
"643","11","","1","GUI_TEAM_NAME_HALFLING_PART1_17","1","","1","","1","","1","","1","","1","","1","","1"
"644","11","","1","GUI_TEAM_NAME_HALFLING_PART1_18","1","","1","","1","","1","","1","","1","","1","","1"
"645","11","","1","GUI_TEAM_NAME_HALFLING_PART1_19","1","","1","","1","","1","","1","","1","","1","","1"
"646","11","","1","GUI_TEAM_NAME_HALFLING_PART1_20","1","","1","","1","","1","","1","","1","","1","","1"
"647","11","","2","GUI_TEAM_NAME_HALFLING_PART2_2","2","","2","","2","","2","","2","","2","","2","","2"
"648","11","","2","GUI_TEAM_NAME_HALFLING_PART2_3","2","","2","","2","","2","","2","","2","","2","","2"
"649","11","","2","GUI_TEAM_NAME_HALFLING_PART2_4","2","","2","","2","","2","","2","","2","","2","","2"
"650","11","","2","GUI_TEAM_NAME_HALFLING_PART2_5","2","","2","","2","","2","","2","","2","","2","","2"
"651","11","","2","GUI_TEAM_NAME_HALFLING_PART2_6","2","","2","","2","","2","","2","","2","","2","","2"
"652","11","","2","GUI_TEAM_NAME_HALFLING_PART2_7","2","","2","","2","","2","","2","","2","","2","","2"
"653","11","","2","GUI_TEAM_NAME_HALFLING_PART2_8","2","","2","","2","","2","","2","","2","","2","","2"
"654","11","","2","GUI_TEAM_NAME_HALFLING_PART2_9","2","","2","","2","","2","","2","","2","","2","","2"
"655","11","","2","GUI_TEAM_NAME_HALFLING_PART2_10","2","","2","","2","","2","","2","","2","","2","","2"
"656","11","","2","GUI_TEAM_NAME_HALFLING_PART2_11","2","","2","","2","","2","","2","","2","","2","","2"
"657","11","","2","GUI_TEAM_NAME_HALFLING_PART2_12","2","","2","","2","","2","","2","","2","","2","","2"
"658","11","","2","GUI_TEAM_NAME_HALFLING_PART2_13","2","","2","","2","","2","","2","","2","","2","","2"
"659","11","","2","GUI_TEAM_NAME_HALFLING_PART2_14","2","","2","","2","","2","","2","","2","","2","","2"
"660","11","","2","GUI_TEAM_NAME_HALFLING_PART2_15","2","","2","","2","","2","","2","","2","","2","","2"
"661","11","","2","GUI_TEAM_NAME_HALFLING_PART2_16","2","","2","","2","","2","","2","","2","","2","","2"
"662","11","","2","GUI_TEAM_NAME_HALFLING_PART2_17","2","","2","","2","","2","","2","","2","","2","","2"
"663","11","","2","GUI_TEAM_NAME_HALFLING_PART2_18","2","","2","","2","","2","","2","","2","","2","","2"
"664","11","","2","GUI_TEAM_NAME_HALFLING_PART2_19","2","","2","","2","","2","","2","","2","","2","","2"
"665","11","","2","GUI_TEAM_NAME_HALFLING_PART2_20","2","","2","","2","","2","","2","","2","","2","","2"
"666","11","","2","GUI_TEAM_NAME_HALFLING_PART2_21","2","","2","","2","","2","","2","","2","","2","","2"
"667","11","","2","GUI_TEAM_NAME_HALFLING_PART2_22","2","","2","","2","","2","","2","","2","","2","","2"
"668","11","","2","GUI_TEAM_NAME_HALFLING_PART2_23","2","","2","","2","","2","","2","","2","","2","","2"
"669","11","","2","GUI_TEAM_NAME_HALFLING_PART2_24","2","","2","","2","","2","","2","","2","","2","","2"
"670","11","","2","GUI_TEAM_NAME_HALFLING_PART2_25","2","","2","","2","","2","","2","","2","","2","","2"
"671","11","","2","GUI_TEAM_NAME_HALFLING_PART2_26","2","","2","","2","","2","","2","","2","","2","","2"
"672","11","","2","GUI_TEAM_NAME_HALFLING_PART2_27","2","","2","","2","","2","","2","","2","","2","","2"
"673","11","","2","GUI_TEAM_NAME_HALFLING_PART2_28","2","","2","","2","","2","","2","","2","","2","","2"
"676","22","","1","GUI_TEAM_NAME_UNDERWORLD_PART1_2","1","","1","","1","","1","","1","","1","","1","","1"
"677","22","","1","GUI_TEAM_NAME_UNDERWORLD_PART1_3","1","","1","","1","","1","","1","","1","","1","","1"
"678","22","","1","GUI_TEAM_NAME_UNDERWORLD_PART1_4","1","","1","","1","","1","","1","","1","","1","","1"
"679","22","","1","GUI_TEAM_NAME_UNDERWORLD_PART1_5","1","","1","","1","","1","","1","","1","","1","","1"
"680","22","","1","GUI_TEAM_NAME_UNDERWORLD_PART1_6","1","","1","","1","","1","","1","","1","","1","","1"
"681","22","","1","GUI_TEAM_NAME_UNDERWORLD_PART1_7","1","","1","","1","","1","","1","","1","","1","","1"
"682","22","","1","GUI_TEAM_NAME_UNDERWORLD_PART1_8","1","","1","","1","","1","","1","","1","","1","","1"
"683","22","","1","GUI_TEAM_NAME_UNDERWORLD_PART1_9","1","","1","","1","","1","","1","","1","","1","","1"
"684","22","","1","GUI_TEAM_NAME_UNDERWORLD_PART1_10","1","","1","","1","","1","","1","","1","","1","","1"
"685","22","","1","GUI_TEAM_NAME_UNDERWORLD_PART1_11","1","","1","","1","","1","","1","","1","","1","","1"
"686","22","","1","GUI_TEAM_NAME_UNDERWORLD_PART1_12","1","","1","","1","","1","","1","","1","","1","","1"
"687","22","","1","GUI_TEAM_NAME_UNDERWORLD_PART1_13","1","","1","","1","","1","","1","","1","","1","","1"
"688","22","","1","GUI_TEAM_NAME_UNDERWORLD_PART1_14","1","","1","","1","","1","","1","","1","","1","","1"
"689","22","","1","GUI_TEAM_NAME_UNDERWORLD_PART1_15","1","","1","","1","","1","","1","","1","","1","","1"
"690","22","","1","GUI_TEAM_NAME_UNDERWORLD_PART1_16","1","","1","","1","","1","","1","","1","","1","","1"
"691","22","","1","GUI_TEAM_NAME_UNDERWORLD_PART1_17","1","","1","","1","","1","","1","","1","","1","","1"
"692","22","","1","GUI_TEAM_NAME_UNDERWORLD_PART1_18","1","","1","","1","","1","","1","","1","","1","","1"
"693","22","","1","GUI_TEAM_NAME_UNDERWORLD_PART1_19","1","","1","","1","","1","","1","","1","","1","","1"
"694","22","","1","GUI_TEAM_NAME_UNDERWORLD_PART1_20","1","","1","","1","","1","","1","","1","","1","","1"
"695","22","","1","GUI_TEAM_NAME_UNDERWORLD_PART1_21","1","","1","","1","","1","","1","","1","","1","","1"
"696","22","","1","GUI_TEAM_NAME_UNDERWORLD_PART1_22","1","","1","","1","","1","","1","","1","","1","","1"
"697","22","","1","GUI_TEAM_NAME_UNDERWORLD_PART1_23","1","","1","","1","","1","","1","","1","","1","","1"
"698","22","","2","GUI_TEAM_NAME_UNDERWORLD_PART2_2","2","","2","","2","","2","","2","","2","","2","","2"
"699","22","","2","GUI_TEAM_NAME_UNDERWORLD_PART2_3","2","","2","","2","","2","","2","","2","","2","","2"
"700","22","","2","GUI_TEAM_NAME_UNDERWORLD_PART2_4","2","","2","","2","","2","","2","","2","","2","","2"
"701","22","","2","GUI_TEAM_NAME_UNDERWORLD_PART2_5","2","","2","","2","","2","","2","","2","","2","","2"
"702","22","","2","GUI_TEAM_NAME_UNDERWORLD_PART2_6","2","","2","","2","","2","","2","","2","","2","","2"
"703","22","","2","GUI_TEAM_NAME_UNDERWORLD_PART2_7","2","","2","","2","","2","","2","","2","","2","","2"
"704","22","","2","GUI_TEAM_NAME_UNDERWORLD_PART2_8","2","","2","","2","","2","","2","","2","","2","","2"
"705","22","","2","GUI_TEAM_NAME_UNDERWORLD_PART2_9","2","","2","","2","","2","","2","","2","","2","","2"
"706","22","","2","GUI_TEAM_NAME_UNDERWORLD_PART2_10","2","","2","","2","","2","","2","","2","","2","","2"
"707","22","","2","GUI_TEAM_NAME_UNDERWORLD_PART2_11","2","","2","","2","","2","","2","","2","","2","","2"
"708","22","","2","GUI_TEAM_NAME_UNDERWORLD_PART2_12","2","","2","","2","","2","","2","","2","","2","","2"
"709","22","","2","GUI_TEAM_NAME_UNDERWORLD_PART2_13","2","","2","","2","","2","","2","","2","","2","","2"
"710","22","","2","GUI_TEAM_NAME_UNDERWORLD_PART2_14","2","","2","","2","","2","","2","","2","","2","","2"
"711","22","","2","GUI_TEAM_NAME_UNDERWORLD_PART2_15","2","","2","","2","","2","","2","","2","","2","","2"
"712","22","","2","GUI_TEAM_NAME_UNDERWORLD_PART2_16","2","","2","","2","","2","","2","","2","","2","","2"
"713","22","","2","GUI_TEAM_NAME_UNDERWORLD_PART2_17","2","","2","","2","","2","","2","","2","","2","","2"
"714","22","","2","GUI_TEAM_NAME_UNDERWORLD_PART2_18","2","","2","","2","","2","","2","","2","","2","","2"
"715","22","","2","GUI_TEAM_NAME_UNDERWORLD_PART2_19","2","","2","","2","","2","","2","","2","","2","","2"
"718","14","","1","GUI_TEAM_NAME_PROELF_PART1_2","1","","1","","1","","1","","1","","1","","1","","1"
"719","14","","1","GUI_TEAM_NAME_PROELF_PART1_3","1","","1","","1","","1","","1","","1","","1","","1"
"720","14","","1","GUI_TEAM_NAME_PROELF_PART1_4","1","","1","","1","","1","","1","","1","","1","","1"
"721","14","","1","GUI_TEAM_NAME_PROELF_PART1_5","1","","1","","1","","1","","1","","1","","1","","1"
"722","14","","1","GUI_TEAM_NAME_PROELF_PART1_6","1","","1","","1","","1","","1","","1","","1","","1"
"723","14","","1","GUI_TEAM_NAME_PROELF_PART1_7","1","","1","","1","","1","","1","","1","","1","","1"
"724","14","","1","GUI_TEAM_NAME_PROELF_PART1_8","1","","1","","1","","1","","1","","1","","1","","1"
"725","14","","1","GUI_TEAM_NAME_PROELF_PART1_9","1","","1","","1","","1","","1","","1","","1","","1"
"726","14","","1","GUI_TEAM_NAME_PROELF_PART1_10","1","","1","","1","","1","","1","","1","","1","","1"
"727","14","","1","GUI_TEAM_NAME_PROELF_PART1_11","1","","1","","1","","1","","1","","1","","1","","1"
"728","14","","1","GUI_TEAM_NAME_PROELF_PART1_12","1","","1","","1","","1","","1","","1","","1","","1"
"729","14","","1","GUI_TEAM_NAME_PROELF_PART1_13","1","","1","","1","","1","","1","","1","","1","","1"
"730","14","","1","GUI_TEAM_NAME_PROELF_PART1_14","1","","1","","1","","1","","1","","1","","1","","1"
"731","14","","1","GUI_TEAM_NAME_PROELF_PART1_15","1","","1","","1","","1","","1","","1","","1","","1"
"732","14","","1","GUI_TEAM_NAME_PROELF_PART1_16","1","","1","","1","","1","","1","","1","","1","","1"
"733","14","","1","GUI_TEAM_NAME_PROELF_PART1_17","1","","1","","1","","1","","1","","1","","1","","1"
"734","14","","1","GUI_TEAM_NAME_PROELF_PART1_18","1","","1","","1","","1","","1","","1","","1","","1"
"735","14","","1","GUI_TEAM_NAME_PROELF_PART1_19","1","","1","","1","","1","","1","","1","","1","","1"
"736","14","","1","GUI_TEAM_NAME_PROELF_PART1_20","1","","1","","1","","1","","1","","1","","1","","1"
"737","14","","1","GUI_TEAM_NAME_PROELF_PART1_21","1","","1","","1","","1","","1","","1","","1","","1"
"738","14","","1","GUI_TEAM_NAME_PROELF_PART1_22","1","","1","","1","","1","","1","","1","","1","","1"
"739","14","","2","GUI_TEAM_NAME_PROELF_PART2_2","2","","2","","2","","2","","2","","2","","2","","2"
"740","14","","2","GUI_TEAM_NAME_PROELF_PART2_3","2","","2","","2","","2","","2","","2","","2","","2"
"741","14","","2","GUI_TEAM_NAME_PROELF_PART2_4","2","","2","","2","","2","","2","","2","","2","","2"
"742","14","","2","GUI_TEAM_NAME_PROELF_PART2_5","2","","2","","2","","2","","2","","2","","2","","2"
"743","14","","2","GUI_TEAM_NAME_PROELF_PART2_6","2","","2","","2","","2","","2","","2","","2","","2"
"744","14","","2","GUI_TEAM_NAME_PROELF_PART2_7","2","","2","","2","","2","","2","","2","","2","","2"
"745","14","","2","GUI_TEAM_NAME_PROELF_PART2_8","2","","2","","2","","2","","2","","2","","2","","2"
"746","14","","2","GUI_TEAM_NAME_PROELF_PART2_9","2","","2","","2","","2","","2","","2","","2","","2"
"747","14","","2","GUI_TEAM_NAME_PROELF_PART2_10","2","","2","","2","","2","","2","","2","","2","","2"
"748","14","","2","GUI_TEAM_NAME_PROELF_PART2_11","2","","2","","2","","2","","2","","2","","2","","2"
"749","14","","2","GUI_TEAM_NAME_PROELF_PART2_12","2","","2","","2","","2","","2","","2","","2","","2"
"750","14","","2","GUI_TEAM_NAME_PROELF_PART2_13","2","","2","","2","","2","","2","","2","","2","","2"
"751","14","","2","GUI_TEAM_NAME_PROELF_PART2_14","2","","2","","2","","2","","2","","2","","2","","2"
"752","14","","2","GUI_TEAM_NAME_PROELF_PART2_15","2","","2","","2","","2","","2","","2","","2","","2"
"753","14","","2","GUI_TEAM_NAME_PROELF_PART2_16","2","","2","","2","","2","","2","","2","","2","","2"
"754","14","","2","GUI_TEAM_NAME_PROELF_PART2_17","2","","2","","2","","2","","2","","2","","2","","2"
"755","13","","1","GUI_TEAM_NAME_AMAZON_PART1_2","1","","1","","1","","1","","1","","1","","1","","1"
"756","13","","1","GUI_TEAM_NAME_AMAZON_PART1_3","1","","1","","1","","1","","1","","1","","1","","1"
"757","13","","1","GUI_TEAM_NAME_AMAZON_PART1_4","1","","1","","1","","1","","1","","1","","1","","1"
"758","13","","1","GUI_TEAM_NAME_AMAZON_PART1_5","1","","1","","1","","1","","1","","1","","1","","1"
"759","13","","1","GUI_TEAM_NAME_AMAZON_PART1_6","1","","1","","1","","1","","1","","1","","1","","1"
"760","13","","1","GUI_TEAM_NAME_AMAZON_PART1_7","1","","1","","1","","1","","1","","1","","1","","1"
"761","13","","1","GUI_TEAM_NAME_AMAZON_PART1_8","1","","1","","1","","1","","1","","1","","1","","1"
"762","13","","1","GUI_TEAM_NAME_AMAZON_PART1_9","1","","1","","1","","1","","1","","1","","1","","1"
"763","13","","1","GUI_TEAM_NAME_AMAZON_PART1_10","1","","1","","1","","1","","1","","1","","1","","1"
"764","13","","1","GUI_TEAM_NAME_AMAZON_PART1_11","1","","1","","1","","1","","1","","1","","1","","1"
"765","13","","1","GUI_TEAM_NAME_AMAZON_PART1_12","1","","1","","1","","1","","1","","1","","1","","1"
"766","13","","1","GUI_TEAM_NAME_AMAZON_PART1_13","1","","1","","1","","1","","1","","1","","1","","1"
"767","13","","1","GUI_TEAM_NAME_AMAZON_PART1_14","1","","1","","1","","1","","1","","1","","1","","1"
"768","13","","1","GUI_TEAM_NAME_AMAZON_PART1_15","1","","1","","1","","1","","1","","1","","1","","1"
"769","13","","1","GUI_TEAM_NAME_AMAZON_PART1_16","1","","1","","1","","1","","1","","1","","1","","1"
"770","13","","2","GUI_TEAM_NAME_AMAZON_PART2_2","2","","2","","2","","2","","2","","2","","2","","2"
"771","13","","2","GUI_TEAM_NAME_AMAZON_PART2_3","2","","2","","2","","2","","2","","2","","2","","2"
"772","13","","2","GUI_TEAM_NAME_AMAZON_PART2_4","2","","2","","2","","2","","2","","2","","2","","2"
"773","13","","2","GUI_TEAM_NAME_AMAZON_PART2_5","2","","2","","2","","2","","2","","2","","2","","2"
"774","13","","2","GUI_TEAM_NAME_AMAZON_PART2_6","2","","2","","2","","2","","2","","2","","2","","2"
"775","13","","2","GUI_TEAM_NAME_AMAZON_PART2_7","2","","2","","2","","2","","2","","2","","2","","2"
"776","13","","2","GUI_TEAM_NAME_AMAZON_PART2_8","2","","2","","2","","2","","2","","2","","2","","2"
"777","13","","2","GUI_TEAM_NAME_AMAZON_PART2_9","2","","2","","2","","2","","2","","2","","2","","2"
"778","13","","2","GUI_TEAM_NAME_AMAZON_PART2_10","2","","2","","2","","2","","2","","2","","2","","2"
"779","13","","2","GUI_TEAM_NAME_AMAZON_PART2_11","2","","2","","2","","2","","2","","2","","2","","2"
"780","13","","2","GUI_TEAM_NAME_AMAZON_PART2_12","2","","2","","2","","2","","2","","2","","2","","2"
"781","13","","2","GUI_TEAM_NAME_AMAZON_PART2_13","2","","2","","2","","2","","2","","2","","2","","2"
"782","13","","2","GUI_TEAM_NAME_AMAZON_PART2_14","2","","2","","2","","2","","2","","2","","2","","2"
"783","13","","2","GUI_TEAM_NAME_AMAZON_PART2_15","2","","2","","2","","2","","2","","2","","2","","2"
"784","13","","2","GUI_TEAM_NAME_AMAZON_PART2_16","2","","2","","2","","2","","2","","2","","2","","2"
"785","6","","1","GUI_TEAM_NAME_GOBLIN_PART1_26","1","","1","","1","","1","","1","","1","","1","","1"
"786","11","","1","GUI_TEAM_NAME_HALFLING_PART1_4","1","","1","","1","","1","","1","","1","","1","","1"
"787","20","","1","GUI_TEAM_NAME_VAMPIRE_PART1_2","1","","1","","1","","1","","1","","1","","1","","1"
"788","20","","1","GUI_TEAM_NAME_VAMPIRE_PART1_3","1","","1","","1","","1","","1","","1","","1","","1"
"789","20","","1","GUI_TEAM_NAME_VAMPIRE_PART1_4","1","","1","","1","","1","","1","","1","","1","","1"
"790","20","","1","GUI_TEAM_NAME_VAMPIRE_PART1_5","1","","1","","1","","1","","1","","1","","1","","1"
"791","20","","1","GUI_TEAM_NAME_VAMPIRE_PART1_6","1","","1","","1","","1","","1","","1","","1","","1"
"792","20","","1","GUI_TEAM_NAME_VAMPIRE_PART1_7","1","","1","","1","","1","","1","","1","","1","","1"
"793","20","","1","GUI_TEAM_NAME_VAMPIRE_PART1_8","1","","1","","1","","1","","1","","1","","1","","1"
"794","20","","1","GUI_TEAM_NAME_VAMPIRE_PART1_9","1","","1","","1","","1","","1","","1","","1","","1"
"795","20","","1","GUI_TEAM_NAME_VAMPIRE_PART1_10","1","","1","","1","","1","","1","","1","","1","","1"
"796","20","","1","GUI_TEAM_NAME_VAMPIRE_PART1_11","1","","1","","1","","1","","1","","1","","1","","1"
"797","20","","1","GUI_TEAM_NAME_VAMPIRE_PART1_12","1","","1","","1","","1","","1","","1","","1","","1"
"798","20","","1","GUI_TEAM_NAME_VAMPIRE_PART1_13","1","","1","","1","","1","","1","","1","","1","","1"
"799","20","","1","GUI_TEAM_NAME_VAMPIRE_PART1_14","1","","1","","1","","1","","1","","1","","1","","1"
"800","20","","1","GUI_TEAM_NAME_VAMPIRE_PART1_15","1","","1","","1","","1","","1","","1","","1","","1"
"801","20","","2","GUI_TEAM_NAME_VAMPIRE_PART2_2","2","","2","","2","","2","","2","","2","","2","","2"
"802","20","","2","GUI_TEAM_NAME_VAMPIRE_PART2_3","2","","2","","2","","2","","2","","2","","2","","2"
"803","20","","2","GUI_TEAM_NAME_VAMPIRE_PART2_4","2","","2","","2","","2","","2","","2","","2","","2"
"804","20","","2","GUI_TEAM_NAME_VAMPIRE_PART2_5","2","","2","","2","","2","","2","","2","","2","","2"
"805","20","","2","GUI_TEAM_NAME_VAMPIRE_PART2_6","2","","2","","2","","2","","2","","2","","2","","2"
"806","20","","2","GUI_TEAM_NAME_VAMPIRE_PART2_7","2","","2","","2","","2","","2","","2","","2","","2"
"807","20","","2","GUI_TEAM_NAME_VAMPIRE_PART2_8","2","","2","","2","","2","","2","","2","","2","","2"
"808","20","","2","GUI_TEAM_NAME_VAMPIRE_PART2_9","2","","2","","2","","2","","2","","2","","2","","2"
"809","20","","2","GUI_TEAM_NAME_VAMPIRE_PART2_10","2","","2","","2","","2","","2","","2","","2","","2"
"810","20","","2","GUI_TEAM_NAME_VAMPIRE_PART2_11","2","","2","","2","","2","","2","","2","","2","","2"
"811","20","","2","GUI_TEAM_NAME_VAMPIRE_PART2_12","2","","2","","2","","2","","2","","2","","2","","2"
"812","20","","2","GUI_TEAM_NAME_VAMPIRE_PART2_13","2","","2","","2","","2","","2","","2","","2","","2"
"813","20","","2","GUI_TEAM_NAME_VAMPIRE_PART2_14","2","","2","","2","","2","","2","","2","","2","","2"
"814","20","","2","GUI_TEAM_NAME_VAMPIRE_PART2_15","2","","2","","2","","2","","2","","2","","2","","2"
"815","20","","2","GUI_TEAM_NAME_VAMPIRE_PART2_16","2","","2","","2","","2","","2","","2","","2","","2"
"816","23","","1","GUI_TEAM_NAME_KHORNE_PART1_1","1","","1","","1","","1","","1","","1","","1","","1"
"817","23","","2","GUI_TEAM_NAME_KHORNE_PART2_1","2","","2","","2","","2","","2","","2","","2","","2"
"818","23","","1","GUI_TEAM_NAME_KHORNE_PART1_2","1","","1","","1","","1","","1","","1","","1","","1"
"819","23","","1","GUI_TEAM_NAME_KHORNE_PART1_3","1","","1","","1","","1","","1","","1","","1","","1"
"820","23","","1","GUI_TEAM_NAME_KHORNE_PART1_4","1","","1","","1","","1","","1","","1","","1","","1"
"821","23","","1","GUI_TEAM_NAME_KHORNE_PART1_5","1","","1","","1","","1","","1","","1","","1","","1"
"822","23","","1","GUI_TEAM_NAME_KHORNE_PART1_6","1","","1","","1","","1","","1","","1","","1","","1"
"823","23","","1","GUI_TEAM_NAME_KHORNE_PART1_7","1","","1","","1","","1","","1","","1","","1","","1"
"824","23","","1","GUI_TEAM_NAME_KHORNE_PART1_8","1","","1","","1","","1","","1","","1","","1","","1"
"825","23","","1","GUI_TEAM_NAME_KHORNE_PART1_9","1","","1","","1","","1","","1","","1","","1","","1"
"826","23","","1","GUI_TEAM_NAME_KHORNE_PART1_10","1","","1","","1","","1","","1","","1","","1","","1"
"827","23","","1","GUI_TEAM_NAME_KHORNE_PART1_11","1","","1","","1","","1","","1","","1","","1","","1"
"828","23","","1","GUI_TEAM_NAME_KHORNE_PART1_12","1","","1","","1","","1","","1","","1","","1","","1"
"829","23","","1","GUI_TEAM_NAME_KHORNE_PART1_13","1","","1","","1","","1","","1","","1","","1","","1"
"830","23","","1","GUI_TEAM_NAME_KHORNE_PART1_14","1","","1","","1","","1","","1","","1","","1","","1"
"831","23","","1","GUI_TEAM_NAME_KHORNE_PART1_15","1","","1","","1","","1","","1","","1","","1","","1"
"832","23","","1","GUI_TEAM_NAME_KHORNE_PART1_16","1","","1","","1","","1","","1","","1","","1","","1"
"833","23","","2","GUI_TEAM_NAME_KHORNE_PART2_2","2","","2","","2","","2","","2","","2","","2","","2"
"834","23","","2","GUI_TEAM_NAME_KHORNE_PART2_3","2","","2","","2","","2","","2","","2","","2","","2"
"835","23","","2","GUI_TEAM_NAME_KHORNE_PART2_4","2","","2","","2","","2","","2","","2","","2","","2"
"836","23","","2","GUI_TEAM_NAME_KHORNE_PART2_5","2","","2","","2","","2","","2","","2","","2","","2"
"837","23","","2","GUI_TEAM_NAME_KHORNE_PART2_6","2","","2","","2","","2","","2","","2","","2","","2"
"838","23","","2","GUI_TEAM_NAME_KHORNE_PART2_7","2","","2","","2","","2","","2","","2","","2","","2"
"839","23","","2","GUI_TEAM_NAME_KHORNE_PART2_8","2","","2","","2","","2","","2","","2","","2","","2"
"840","23","","2","GUI_TEAM_NAME_KHORNE_PART2_9","2","","2","","2","","2","","2","","2","","2","","2"
"841","23","","2","GUI_TEAM_NAME_KHORNE_PART2_10","2","","2","","2","","2","","2","","2","","2","","2"
"842","23","","2","GUI_TEAM_NAME_KHORNE_PART2_11","2","","2","","2","","2","","2","","2","","2","","2"
"843","23","","2","GUI_TEAM_NAME_KHORNE_PART2_12","2","","2","","2","","2","","2","","2","","2","","2"
"844","23","","2","GUI_TEAM_NAME_KHORNE_PART2_13","2","","2","","2","","2","","2","","2","","2","","2"
"845","23","","2","GUI_TEAM_NAME_KHORNE_PART2_14","2","","2","","2","","2","","2","","2","","2","","2"
"846","23","","2","GUI_TEAM_NAME_KHORNE_PART2_15","2","","2","","2","","2","","2","","2","","2","","2"
"847","23","","2","GUI_TEAM_NAME_KHORNE_PART2_16","2","","2","","2","","2","","2","","2","","2","","2"
